filename,fold,target,category,clip_id,take,file_type,file_path
3-246513-B-16.wav,3,16,wind,246513,B,audio,audio_vibration/audio/3-246513-B-16.wav
1-39901-A-11.wav,1,11,sea_waves,39901,A,audio,audio_vibration/audio/1-39901-A-11.wav
1-19840-A-36.wav,1,36,vacuum_cleaner,19840,A,audio,audio_vibration/audio/1-19840-A-36.wav
1-28135-B-11.wav,1,11,sea_waves,28135,B,audio,audio_vibration/audio/1-28135-B-11.wav
2-60180-A-49.wav,2,49,hand_saw,60180,A,audio,audio_vibration/audio/2-60180-A-49.wav
2-66205-A-23.wav,2,23,breathing,66205,A,audio,audio_vibration/audio/2-66205-A-23.wav
1-54747-A-46.wav,1,46,church_bells,54747,A,audio,audio_vibration/audio/1-54747-A-46.wav
2-152964-A-31.wav,2,31,mouse_click,152964,A,audio,audio_vibration/audio/2-152964-A-31.wav
1-11687-A-47.wav,1,47,airplane,11687,A,audio,audio_vibration/audio/1-11687-A-47.wav
4-204777-A-39.wav,4,39,glass_breaking,204777,A,audio,audio_vibration/audio/4-204777-A-39.wav
5-160614-B-48.wav,5,48,fireworks,160614,B,audio,audio_vibration/audio/5-160614-B-48.wav
4-234644-A-2.wav,4,2,pig,234644,A,audio,audio_vibration/audio/4-234644-A-2.wav
4-201988-A-44.wav,4,44,engine,201988,A,audio,audio_vibration/audio/4-201988-A-44.wav
1-28005-A-18.wav,1,18,toilet_flush,28005,A,audio,audio_vibration/audio/1-28005-A-18.wav
5-234855-A-25.wav,5,25,footsteps,234855,A,audio,audio_vibration/audio/5-234855-A-25.wav
2-50668-A-41.wav,2,41,chainsaw,50668,A,audio,audio_vibration/audio/2-50668-A-41.wav
1-115545-A-48.wav,1,48,fireworks,115545,A,audio,audio_vibration/audio/1-115545-A-48.wav
3-144510-A-30.wav,3,30,door_wood_knock,144510,A,audio,audio_vibration/audio/3-144510-A-30.wav
4-198962-A-25.wav,4,25,footsteps,198962,A,audio,audio_vibration/audio/4-198962-A-25.wav
5-177957-D-40.wav,5,40,helicopter,177957,D,audio,audio_vibration/audio/5-177957-D-40.wav
2-102581-B-29.wav,2,29,drinking_sipping,102581,B,audio,audio_vibration/audio/2-102581-B-29.wav
2-52001-A-28.wav,2,28,snoring,52001,A,audio,audio_vibration/audio/2-52001-A-28.wav
3-142605-A-21.wav,3,21,sneezing,142605,A,audio,audio_vibration/audio/3-142605-A-21.wav
2-95567-A-23.wav,2,23,breathing,95567,A,audio,audio_vibration/audio/2-95567-A-23.wav
2-32515-A-4.wav,2,4,frog,32515,A,audio,audio_vibration/audio/2-32515-A-4.wav
5-214759-B-5.wav,5,5,cat,214759,B,audio,audio_vibration/audio/5-214759-B-5.wav
1-22804-A-46.wav,1,46,church_bells,22804,A,audio,audio_vibration/audio/1-22804-A-46.wav
3-96606-A-49.wav,3,49,hand_saw,96606,A,audio,audio_vibration/audio/3-96606-A-49.wav
3-110913-D-7.wav,3,7,insects,110913,D,audio,audio_vibration/audio/3-110913-D-7.wav
5-249748-A-28.wav,5,28,snoring,249748,A,audio,audio_vibration/audio/5-249748-A-28.wav
2-117615-E-48.wav,2,48,fireworks,117615,E,audio,audio_vibration/audio/2-117615-E-48.wav
4-108352-A-33.wav,4,33,door_wood_creaks,108352,A,audio,audio_vibration/audio/4-108352-A-33.wav
2-139749-A-15.wav,2,15,water_drops,139749,A,audio,audio_vibration/audio/2-139749-A-15.wav
5-215658-A-12.wav,5,12,crackling_fire,215658,A,audio,audio_vibration/audio/5-215658-A-12.wav
1-58846-A-34.wav,1,34,can_opening,58846,A,audio,audio_vibration/audio/1-58846-A-34.wav
1-15689-A-4.wav,1,4,frog,15689,A,audio,audio_vibration/audio/1-15689-A-4.wav
2-139748-A-15.wav,2,15,water_drops,139748,A,audio,audio_vibration/audio/2-139748-A-15.wav
2-124564-A-15.wav,2,15,water_drops,124564,A,audio,audio_vibration/audio/2-124564-A-15.wav
4-161579-A-40.wav,4,40,helicopter,161579,A,audio,audio_vibration/audio/4-161579-A-40.wav
4-125072-A-19.wav,4,19,thunderstorm,125072,A,audio,audio_vibration/audio/4-125072-A-19.wav
2-71162-A-1.wav,2,1,rooster,71162,A,audio,audio_vibration/audio/2-71162-A-1.wav
2-98392-A-23.wav,2,23,breathing,98392,A,audio,audio_vibration/audio/2-98392-A-23.wav
1-45641-A-27.wav,1,27,brushing_teeth,45641,A,audio,audio_vibration/audio/1-45641-A-27.wav
4-163606-A-16.wav,4,16,wind,163606,A,audio,audio_vibration/audio/4-163606-A-16.wav
3-159348-A-36.wav,3,36,vacuum_cleaner,159348,A,audio,audio_vibration/audio/3-159348-A-36.wav
4-135439-A-18.wav,4,18,toilet_flush,135439,A,audio,audio_vibration/audio/4-135439-A-18.wav
3-108451-A-17.wav,3,17,pouring_water,108451,A,audio,audio_vibration/audio/3-108451-A-17.wav
5-156698-A-18.wav,5,18,toilet_flush,156698,A,audio,audio_vibration/audio/5-156698-A-18.wav
1-30709-B-23.wav,1,23,breathing,30709,B,audio,audio_vibration/audio/1-30709-B-23.wav
4-218199-C-35.wav,4,35,washing_machine,218199,C,audio,audio_vibration/audio/4-218199-C-35.wav
2-135860-A-49.wav,2,49,hand_saw,135860,A,audio,audio_vibration/audio/2-135860-A-49.wav
4-184237-A-28.wav,4,28,snoring,184237,A,audio,audio_vibration/audio/4-184237-A-28.wav
5-198373-A-46.wav,5,46,church_bells,198373,A,audio,audio_vibration/audio/5-198373-A-46.wav
1-51170-A-18.wav,1,18,toilet_flush,51170,A,audio,audio_vibration/audio/1-51170-A-18.wav
3-155766-A-13.wav,3,13,crickets,155766,A,audio,audio_vibration/audio/3-155766-A-13.wav
3-103051-B-19.wav,3,19,thunderstorm,103051,B,audio,audio_vibration/audio/3-103051-B-19.wav
4-154793-A-4.wav,4,4,frog,154793,A,audio,audio_vibration/audio/4-154793-A-4.wav
5-218494-A-22.wav,5,22,clapping,218494,A,audio,audio_vibration/audio/5-218494-A-22.wav
5-157204-A-16.wav,5,16,wind,157204,A,audio,audio_vibration/audio/5-157204-A-16.wav
5-260011-A-34.wav,5,34,can_opening,260011,A,audio,audio_vibration/audio/5-260011-A-34.wav
3-129678-A-13.wav,3,13,crickets,129678,A,audio,audio_vibration/audio/3-129678-A-13.wav
1-36402-A-23.wav,1,23,breathing,36402,A,audio,audio_vibration/audio/1-36402-A-23.wav
1-53444-A-28.wav,1,28,snoring,53444,A,audio,audio_vibration/audio/1-53444-A-28.wav
5-219242-A-37.wav,5,37,clock_alarm,219242,A,audio,audio_vibration/audio/5-219242-A-37.wav
3-98869-A-46.wav,3,46,church_bells,98869,A,audio,audio_vibration/audio/3-98869-A-46.wav
1-260640-C-2.wav,1,2,pig,260640,C,audio,audio_vibration/audio/1-260640-C-2.wav
2-78651-A-44.wav,2,44,engine,78651,A,audio,audio_vibration/audio/2-78651-A-44.wav
4-182613-B-11.wav,4,11,sea_waves,182613,B,audio,audio_vibration/audio/4-182613-B-11.wav
3-115387-A-47.wav,3,47,airplane,115387,A,audio,audio_vibration/audio/3-115387-A-47.wav
2-59566-A-46.wav,2,46,church_bells,59566,A,audio,audio_vibration/audio/2-59566-A-46.wav
4-244318-A-6.wav,4,6,hen,244318,A,audio,audio_vibration/audio/4-244318-A-6.wav
3-146033-A-13.wav,3,13,crickets,146033,A,audio,audio_vibration/audio/3-146033-A-13.wav
1-67033-A-37.wav,1,37,clock_alarm,67033,A,audio,audio_vibration/audio/1-67033-A-37.wav
1-38560-A-14.wav,1,14,chirping_birds,38560,A,audio,audio_vibration/audio/1-38560-A-14.wav
5-202020-A-18.wav,5,18,toilet_flush,202020,A,audio,audio_vibration/audio/5-202020-A-18.wav
3-152020-B-36.wav,3,36,vacuum_cleaner,152020,B,audio,audio_vibration/audio/3-152020-B-36.wav
5-200329-B-8.wav,5,8,sheep,200329,B,audio,audio_vibration/audio/5-200329-B-8.wav
1-81001-B-30.wav,1,30,door_wood_knock,81001,B,audio,audio_vibration/audio/1-81001-B-30.wav
2-92978-A-29.wav,2,29,drinking_sipping,92978,A,audio,audio_vibration/audio/2-92978-A-29.wav
2-72547-A-14.wav,2,14,chirping_birds,72547,A,audio,audio_vibration/audio/2-72547-A-14.wav
3-169907-A-29.wav,3,29,drinking_sipping,169907,A,audio,audio_vibration/audio/3-169907-A-29.wav
4-186935-A-44.wav,4,44,engine,186935,A,audio,audio_vibration/audio/4-186935-A-44.wav
5-233787-A-7.wav,5,7,insects,233787,A,audio,audio_vibration/audio/5-233787-A-7.wav
4-185575-A-20.wav,4,20,crying_baby,185575,A,audio,audio_vibration/audio/4-185575-A-20.wav
1-17808-A-12.wav,1,12,crackling_fire,17808,A,audio,audio_vibration/audio/1-17808-A-12.wav
2-132157-B-11.wav,2,11,sea_waves,132157,B,audio,audio_vibration/audio/2-132157-B-11.wav
4-150364-B-46.wav,4,46,church_bells,150364,B,audio,audio_vibration/audio/4-150364-B-46.wav
4-161127-A-10.wav,4,10,rain,161127,A,audio,audio_vibration/audio/4-161127-A-10.wav
3-102583-C-49.wav,3,49,hand_saw,102583,C,audio,audio_vibration/audio/3-102583-C-49.wav
2-108767-B-9.wav,2,9,crow,108767,B,audio,audio_vibration/audio/2-108767-B-9.wav
5-204352-B-13.wav,5,13,crickets,204352,B,audio,audio_vibration/audio/5-204352-B-13.wav
1-51436-A-17.wav,1,17,pouring_water,51436,A,audio,audio_vibration/audio/1-51436-A-17.wav
3-98193-A-46.wav,3,46,church_bells,98193,A,audio,audio_vibration/audio/3-98193-A-46.wav
4-149940-B-5.wav,4,5,cat,149940,B,audio,audio_vibration/audio/4-149940-B-5.wav
1-72195-B-37.wav,1,37,clock_alarm,72195,B,audio,audio_vibration/audio/1-72195-B-37.wav
1-69760-A-16.wav,1,16,wind,69760,A,audio,audio_vibration/audio/1-69760-A-16.wav
5-242932-B-26.wav,5,26,laughing,242932,B,audio,audio_vibration/audio/5-242932-B-26.wav
5-243773-A-44.wav,5,44,engine,243773,A,audio,audio_vibration/audio/5-243773-A-44.wav
2-102414-E-17.wav,2,17,pouring_water,102414,E,audio,audio_vibration/audio/2-102414-E-17.wav
3-94355-A-33.wav,3,33,door_wood_creaks,94355,A,audio,audio_vibration/audio/3-94355-A-33.wav
4-172500-D-27.wav,4,27,brushing_teeth,172500,D,audio,audio_vibration/audio/4-172500-D-27.wav
5-250258-A-49.wav,5,49,hand_saw,250258,A,audio,audio_vibration/audio/5-250258-A-49.wav
2-18766-B-12.wav,2,12,crackling_fire,18766,B,audio,audio_vibration/audio/2-18766-B-12.wav
2-102568-A-35.wav,2,35,washing_machine,102568,A,audio,audio_vibration/audio/2-102568-A-35.wav
1-47819-C-5.wav,1,5,cat,47819,C,audio,audio_vibration/audio/1-47819-C-5.wav
4-132383-A-2.wav,4,2,pig,132383,A,audio,audio_vibration/audio/4-132383-A-2.wav
4-133895-A-7.wav,4,7,insects,133895,A,audio,audio_vibration/audio/4-133895-A-7.wav
4-169127-A-41.wav,4,41,chainsaw,169127,A,audio,audio_vibration/audio/4-169127-A-41.wav
3-166324-A-15.wav,3,15,water_drops,166324,A,audio,audio_vibration/audio/3-166324-A-15.wav
1-50625-A-17.wav,1,17,pouring_water,50625,A,audio,audio_vibration/audio/1-50625-A-17.wav
2-135649-C-45.wav,2,45,train,135649,C,audio,audio_vibration/audio/2-135649-C-45.wav
1-24796-A-47.wav,1,47,airplane,24796,A,audio,audio_vibration/audio/1-24796-A-47.wav
5-263902-A-36.wav,5,36,vacuum_cleaner,263902,A,audio,audio_vibration/audio/5-263902-A-36.wav
5-253085-B-3.wav,5,3,cow,253085,B,audio,audio_vibration/audio/5-253085-B-3.wav
4-196672-A-8.wav,4,8,sheep,196672,A,audio,audio_vibration/audio/4-196672-A-8.wav
4-185575-C-20.wav,4,20,crying_baby,185575,C,audio,audio_vibration/audio/4-185575-C-20.wav
3-142005-A-10.wav,3,10,rain,142005,A,audio,audio_vibration/audio/3-142005-A-10.wav
1-196660-A-8.wav,1,8,sheep,196660,A,audio,audio_vibration/audio/1-196660-A-8.wav
2-122104-A-0.wav,2,0,dog,122104,A,audio,audio_vibration/audio/2-122104-A-0.wav
4-164661-B-12.wav,4,12,crackling_fire,164661,B,audio,audio_vibration/audio/4-164661-B-12.wav
4-212604-A-15.wav,4,15,water_drops,212604,A,audio,audio_vibration/audio/4-212604-A-15.wav
1-18631-A-23.wav,1,23,breathing,18631,A,audio,audio_vibration/audio/1-18631-A-23.wav
2-82077-A-7.wav,2,7,insects,82077,A,audio,audio_vibration/audio/2-82077-A-7.wav
3-197408-C-8.wav,3,8,sheep,197408,C,audio,audio_vibration/audio/3-197408-C-8.wav
3-136608-A-16.wav,3,16,wind,136608,A,audio,audio_vibration/audio/3-136608-A-16.wav
3-120526-A-37.wav,3,37,clock_alarm,120526,A,audio,audio_vibration/audio/3-120526-A-37.wav
2-87780-A-33.wav,2,33,door_wood_creaks,87780,A,audio,audio_vibration/audio/2-87780-A-33.wav
5-201274-A-21.wav,5,21,sneezing,201274,A,audio,audio_vibration/audio/5-201274-A-21.wav
2-72547-C-14.wav,2,14,chirping_birds,72547,C,audio,audio_vibration/audio/2-72547-C-14.wav
3-94343-A-25.wav,3,25,footsteps,94343,A,audio,audio_vibration/audio/3-94343-A-25.wav
2-158746-C-2.wav,2,2,pig,158746,C,audio,audio_vibration/audio/2-158746-C-2.wav
4-180337-A-28.wav,4,28,snoring,180337,A,audio,audio_vibration/audio/4-180337-A-28.wav
5-263491-A-25.wav,5,25,footsteps,263491,A,audio,audio_vibration/audio/5-263491-A-25.wav
5-200461-A-11.wav,5,11,sea_waves,200461,A,audio,audio_vibration/audio/5-200461-A-11.wav
2-109231-B-9.wav,2,9,crow,109231,B,audio,audio_vibration/audio/2-109231-B-9.wav
3-97909-A-49.wav,3,49,hand_saw,97909,A,audio,audio_vibration/audio/3-97909-A-49.wav
3-152007-E-20.wav,3,20,crying_baby,152007,E,audio,audio_vibration/audio/3-152007-E-20.wav
1-137-A-32.wav,1,32,keyboard_typing,137,A,audio,audio_vibration/audio/1-137-A-32.wav
5-244327-A-34.wav,5,34,can_opening,244327,A,audio,audio_vibration/audio/5-244327-A-34.wav
3-115387-C-47.wav,3,47,airplane,115387,C,audio,audio_vibration/audio/3-115387-C-47.wav
1-51805-A-33.wav,1,33,door_wood_creaks,51805,A,audio,audio_vibration/audio/1-51805-A-33.wav
3-118657-B-41.wav,3,41,chainsaw,118657,B,audio,audio_vibration/audio/3-118657-B-41.wav
4-261068-A-30.wav,4,30,door_wood_knock,261068,A,audio,audio_vibration/audio/4-261068-A-30.wav
1-17367-A-10.wav,1,10,rain,17367,A,audio,audio_vibration/audio/1-17367-A-10.wav
4-167642-A-21.wav,4,21,sneezing,167642,A,audio,audio_vibration/audio/4-167642-A-21.wav
4-255371-A-47.wav,4,47,airplane,255371,A,audio,audio_vibration/audio/4-255371-A-47.wav
4-165791-B-45.wav,4,45,train,165791,B,audio,audio_vibration/audio/4-165791-B-45.wav
5-187201-B-4.wav,5,4,frog,187201,B,audio,audio_vibration/audio/5-187201-B-4.wav
5-207836-D-29.wav,5,29,drinking_sipping,207836,D,audio,audio_vibration/audio/5-207836-D-29.wav
2-69131-A-5.wav,2,5,cat,69131,A,audio,audio_vibration/audio/2-69131-A-5.wav
3-101381-B-33.wav,3,33,door_wood_creaks,101381,B,audio,audio_vibration/audio/3-101381-B-33.wav
2-79769-A-26.wav,2,26,laughing,79769,A,audio,audio_vibration/audio/2-79769-A-26.wav
1-61221-A-17.wav,1,17,pouring_water,61221,A,audio,audio_vibration/audio/1-61221-A-17.wav
3-166125-B-23.wav,3,23,breathing,166125,B,audio,audio_vibration/audio/3-166125-B-23.wav
1-43807-A-47.wav,1,47,airplane,43807,A,audio,audio_vibration/audio/1-43807-A-47.wav
2-134049-A-6.wav,2,6,hen,134049,A,audio,audio_vibration/audio/2-134049-A-6.wav
1-53501-A-32.wav,1,32,keyboard_typing,53501,A,audio,audio_vibration/audio/1-53501-A-32.wav
1-28808-A-43.wav,1,43,car_horn,28808,A,audio,audio_vibration/audio/1-28808-A-43.wav
1-94036-A-22.wav,1,22,clapping,94036,A,audio,audio_vibration/audio/1-94036-A-22.wav
2-99955-C-7.wav,2,7,insects,99955,C,audio,audio_vibration/audio/2-99955-C-7.wav
1-64473-A-45.wav,1,45,train,64473,A,audio,audio_vibration/audio/1-64473-A-45.wav
4-232495-A-6.wav,4,6,hen,232495,A,audio,audio_vibration/audio/4-232495-A-6.wav
4-181707-A-32.wav,4,32,keyboard_typing,181707,A,audio,audio_vibration/audio/4-181707-A-32.wav
3-127890-C-9.wav,3,9,crow,127890,C,audio,audio_vibration/audio/3-127890-C-9.wav
4-156993-A-19.wav,4,19,thunderstorm,156993,A,audio,audio_vibration/audio/4-156993-A-19.wav
2-50665-A-20.wav,2,20,crying_baby,50665,A,audio,audio_vibration/audio/2-50665-A-20.wav
2-209472-A-25.wav,2,25,footsteps,209472,A,audio,audio_vibration/audio/2-209472-A-25.wav
3-154758-A-44.wav,3,44,engine,154758,A,audio,audio_vibration/audio/3-154758-A-44.wav
1-23094-B-15.wav,1,15,water_drops,23094,B,audio,audio_vibration/audio/1-23094-B-15.wav
4-102844-A-49.wav,4,49,hand_saw,102844,A,audio,audio_vibration/audio/4-102844-A-49.wav
3-166546-B-34.wav,3,34,can_opening,166546,B,audio,audio_vibration/audio/3-166546-B-34.wav
1-61534-A-27.wav,1,27,brushing_teeth,61534,A,audio,audio_vibration/audio/1-61534-A-27.wav
1-46744-A-36.wav,1,36,vacuum_cleaner,46744,A,audio,audio_vibration/audio/1-46744-A-36.wav
1-24074-A-43.wav,1,43,car_horn,24074,A,audio,audio_vibration/audio/1-24074-A-43.wav
5-197118-A-45.wav,5,45,train,197118,A,audio,audio_vibration/audio/5-197118-A-45.wav
4-160036-B-33.wav,4,33,door_wood_creaks,160036,B,audio,audio_vibration/audio/4-160036-B-33.wav
2-28314-A-12.wav,2,12,crackling_fire,28314,A,audio,audio_vibration/audio/2-28314-A-12.wav
1-18074-A-6.wav,1,6,hen,18074,A,audio,audio_vibration/audio/1-18074-A-6.wav
4-204777-C-39.wav,4,39,glass_breaking,204777,C,audio,audio_vibration/audio/4-204777-C-39.wav
4-204830-A-6.wav,4,6,hen,204830,A,audio,audio_vibration/audio/4-204830-A-6.wav
3-167096-A-31.wav,3,31,mouse_click,167096,A,audio,audio_vibration/audio/3-167096-A-31.wav
4-149294-B-41.wav,4,41,chainsaw,149294,B,audio,audio_vibration/audio/4-149294-B-41.wav
5-263501-A-25.wav,5,25,footsteps,263501,A,audio,audio_vibration/audio/5-263501-A-25.wav
1-46938-B-7.wav,1,7,insects,46938,B,audio,audio_vibration/audio/1-46938-B-7.wav
3-253084-B-2.wav,3,2,pig,253084,B,audio,audio_vibration/audio/3-253084-B-2.wav
2-85292-A-24.wav,2,24,coughing,85292,A,audio,audio_vibration/audio/2-85292-A-24.wav
1-19026-A-43.wav,1,43,car_horn,19026,A,audio,audio_vibration/audio/1-19026-A-43.wav
4-136381-A-9.wav,4,9,crow,136381,A,audio,audio_vibration/audio/4-136381-A-9.wav
1-51035-A-16.wav,1,16,wind,51035,A,audio,audio_vibration/audio/1-51035-A-16.wav
5-198411-B-20.wav,5,20,crying_baby,198411,B,audio,audio_vibration/audio/5-198411-B-20.wav
5-51149-A-25.wav,5,25,footsteps,51149,A,audio,audio_vibration/audio/5-51149-A-25.wav
5-245040-A-35.wav,5,35,washing_machine,245040,A,audio,audio_vibration/audio/5-245040-A-35.wav
2-141682-B-36.wav,2,36,vacuum_cleaner,141682,B,audio,audio_vibration/audio/2-141682-B-36.wav
2-102435-A-37.wav,2,37,clock_alarm,102435,A,audio,audio_vibration/audio/2-102435-A-37.wav
2-135728-A-38.wav,2,38,clock_tick,135728,A,audio,audio_vibration/audio/2-135728-A-38.wav
1-7974-B-49.wav,1,49,hand_saw,7974,B,audio,audio_vibration/audio/1-7974-B-49.wav
3-62878-B-42.wav,3,42,siren,62878,B,audio,audio_vibration/audio/3-62878-B-42.wav
3-142604-A-24.wav,3,24,coughing,142604,A,audio,audio_vibration/audio/3-142604-A-24.wav
4-213193-A-29.wav,4,29,drinking_sipping,213193,A,audio,audio_vibration/audio/4-213193-A-29.wav
4-181865-A-38.wav,4,38,clock_tick,181865,A,audio,audio_vibration/audio/4-181865-A-38.wav
4-130891-A-7.wav,4,7,insects,130891,A,audio,audio_vibration/audio/4-130891-A-7.wav
2-123896-A-24.wav,2,24,coughing,123896,A,audio,audio_vibration/audio/2-123896-A-24.wav
3-134802-A-13.wav,3,13,crickets,134802,A,audio,audio_vibration/audio/3-134802-A-13.wav
5-171653-A-41.wav,5,41,chainsaw,171653,A,audio,audio_vibration/audio/5-171653-A-41.wav
4-205738-A-22.wav,4,22,clapping,205738,A,audio,audio_vibration/audio/4-205738-A-22.wav
2-120333-A-32.wav,2,32,keyboard_typing,120333,A,audio,audio_vibration/audio/2-120333-A-32.wav
1-61261-A-44.wav,1,44,engine,61261,A,audio,audio_vibration/audio/1-61261-A-44.wav
3-203371-A-39.wav,3,39,glass_breaking,203371,A,audio,audio_vibration/audio/3-203371-A-39.wav
1-7973-A-7.wav,1,7,insects,7973,A,audio,audio_vibration/audio/1-7973-A-7.wav
4-218199-A-35.wav,4,35,washing_machine,218199,A,audio,audio_vibration/audio/4-218199-A-35.wav
5-193473-A-12.wav,5,12,crackling_fire,193473,A,audio,audio_vibration/audio/5-193473-A-12.wav
3-181132-A-14.wav,3,14,chirping_birds,181132,A,audio,audio_vibration/audio/3-181132-A-14.wav
1-101404-A-34.wav,1,34,can_opening,101404,A,audio,audio_vibration/audio/1-101404-A-34.wav
4-182039-A-30.wav,4,30,door_wood_knock,182039,A,audio,audio_vibration/audio/4-182039-A-30.wav
3-151089-A-30.wav,3,30,door_wood_knock,151089,A,audio,audio_vibration/audio/3-151089-A-30.wav
3-164595-A-15.wav,3,15,water_drops,164595,A,audio,audio_vibration/audio/3-164595-A-15.wav
4-181628-A-17.wav,4,17,pouring_water,181628,A,audio,audio_vibration/audio/4-181628-A-17.wav
5-216214-A-13.wav,5,13,crickets,216214,A,audio,audio_vibration/audio/5-216214-A-13.wav
1-75189-A-7.wav,1,7,insects,75189,A,audio,audio_vibration/audio/1-75189-A-7.wav
4-183992-A-0.wav,4,0,dog,183992,A,audio,audio_vibration/audio/4-183992-A-0.wav
1-32373-B-35.wav,1,35,washing_machine,32373,B,audio,audio_vibration/audio/1-32373-B-35.wav
2-54961-A-23.wav,2,23,breathing,54961,A,audio,audio_vibration/audio/2-54961-A-23.wav
4-164064-B-1.wav,4,1,rooster,164064,B,audio,audio_vibration/audio/4-164064-B-1.wav
4-188703-B-8.wav,4,8,sheep,188703,B,audio,audio_vibration/audio/4-188703-B-8.wav
4-181286-A-10.wav,4,10,rain,181286,A,audio,audio_vibration/audio/4-181286-A-10.wav
1-22694-A-20.wav,1,20,crying_baby,22694,A,audio,audio_vibration/audio/1-22694-A-20.wav
2-152895-A-31.wav,2,31,mouse_click,152895,A,audio,audio_vibration/audio/2-152895-A-31.wav
5-210540-A-13.wav,5,13,crickets,210540,A,audio,audio_vibration/audio/5-210540-A-13.wav
3-134049-A-1.wav,3,1,rooster,134049,A,audio,audio_vibration/audio/3-134049-A-1.wav
1-24524-B-19.wav,1,19,thunderstorm,24524,B,audio,audio_vibration/audio/1-24524-B-19.wav
3-103401-D-33.wav,3,33,door_wood_creaks,103401,D,audio,audio_vibration/audio/3-103401-D-33.wav
1-97392-A-0.wav,1,0,dog,97392,A,audio,audio_vibration/audio/1-97392-A-0.wav
5-204741-A-46.wav,5,46,church_bells,204741,A,audio,audio_vibration/audio/5-204741-A-46.wav
3-155659-A-34.wav,3,34,can_opening,155659,A,audio,audio_vibration/audio/3-155659-A-34.wav
4-161519-A-19.wav,4,19,thunderstorm,161519,A,audio,audio_vibration/audio/4-161519-A-19.wav
5-251957-A-47.wav,5,47,airplane,251957,A,audio,audio_vibration/audio/5-251957-A-47.wav
4-99644-C-4.wav,4,4,frog,99644,C,audio,audio_vibration/audio/4-99644-C-4.wav
5-248341-C-6.wav,5,6,hen,248341,C,audio,audio_vibration/audio/5-248341-C-6.wav
3-155568-A-32.wav,3,32,keyboard_typing,155568,A,audio,audio_vibration/audio/3-155568-A-32.wav
1-43382-A-1.wav,1,1,rooster,43382,A,audio,audio_vibration/audio/1-43382-A-1.wav
5-195517-A-7.wav,5,7,insects,195517,A,audio,audio_vibration/audio/5-195517-A-7.wav
3-259622-A-44.wav,3,44,engine,259622,A,audio,audio_vibration/audio/3-259622-A-44.wav
4-125825-B-46.wav,4,46,church_bells,125825,B,audio,audio_vibration/audio/4-125825-B-46.wav
5-257642-A-39.wav,5,39,glass_breaking,257642,A,audio,audio_vibration/audio/5-257642-A-39.wav
2-125520-A-43.wav,2,43,car_horn,125520,A,audio,audio_vibration/audio/2-125520-A-43.wav
3-138114-A-22.wav,3,22,clapping,138114,A,audio,audio_vibration/audio/3-138114-A-22.wav
1-15689-B-4.wav,1,4,frog,15689,B,audio,audio_vibration/audio/1-15689-B-4.wav
5-237795-A-34.wav,5,34,can_opening,237795,A,audio,audio_vibration/audio/5-237795-A-34.wav
1-53663-A-24.wav,1,24,coughing,53663,A,audio,audio_vibration/audio/1-53663-A-24.wav
1-5996-A-6.wav,1,6,hen,5996,A,audio,audio_vibration/audio/1-5996-A-6.wav
1-155858-A-25.wav,1,25,footsteps,155858,A,audio,audio_vibration/audio/1-155858-A-25.wav
2-77347-A-46.wav,2,46,church_bells,77347,A,audio,audio_vibration/audio/2-77347-A-46.wav
1-68734-A-34.wav,1,34,can_opening,68734,A,audio,audio_vibration/audio/1-68734-A-34.wav
5-103418-A-2.wav,5,2,pig,103418,A,audio,audio_vibration/audio/5-103418-A-2.wav
5-200329-C-8.wav,5,8,sheep,200329,C,audio,audio_vibration/audio/5-200329-C-8.wav
3-144120-A-32.wav,3,32,keyboard_typing,144120,A,audio,audio_vibration/audio/3-144120-A-32.wav
5-220939-A-27.wav,5,27,brushing_teeth,220939,A,audio,audio_vibration/audio/5-220939-A-27.wav
4-80761-A-42.wav,4,42,siren,80761,A,audio,audio_vibration/audio/4-80761-A-42.wav
2-95258-A-1.wav,2,1,rooster,95258,A,audio,audio_vibration/audio/2-95258-A-1.wav
4-204115-A-39.wav,4,39,glass_breaking,204115,A,audio,audio_vibration/audio/4-204115-A-39.wav
3-94344-A-25.wav,3,25,footsteps,94344,A,audio,audio_vibration/audio/3-94344-A-25.wav
5-263831-B-6.wav,5,6,hen,263831,B,audio,audio_vibration/audio/5-263831-B-6.wav
2-52085-B-4.wav,2,4,frog,52085,B,audio,audio_vibration/audio/2-52085-B-4.wav
3-180256-A-0.wav,3,0,dog,180256,A,audio,audio_vibration/audio/3-180256-A-0.wav
3-112557-A-23.wav,3,23,breathing,112557,A,audio,audio_vibration/audio/3-112557-A-23.wav
5-212050-A-27.wav,5,27,brushing_teeth,212050,A,audio,audio_vibration/audio/5-212050-A-27.wav
2-102414-C-17.wav,2,17,pouring_water,102414,C,audio,audio_vibration/audio/2-102414-C-17.wav
5-233160-A-1.wav,5,1,rooster,233160,A,audio,audio_vibration/audio/5-233160-A-1.wav
1-260640-B-2.wav,1,2,pig,260640,B,audio,audio_vibration/audio/1-260640-B-2.wav
5-200334-A-1.wav,5,1,rooster,200334,A,audio,audio_vibration/audio/5-200334-A-1.wav
2-72268-A-6.wav,2,6,hen,72268,A,audio,audio_vibration/audio/2-72268-A-6.wav
3-108677-A-18.wav,3,18,toilet_flush,108677,A,audio,audio_vibration/audio/3-108677-A-18.wav
1-47819-B-5.wav,1,5,cat,47819,B,audio,audio_vibration/audio/1-47819-B-5.wav
2-100786-A-1.wav,2,1,rooster,100786,A,audio,audio_vibration/audio/2-100786-A-1.wav
5-213802-A-12.wav,5,12,crackling_fire,213802,A,audio,audio_vibration/audio/5-213802-A-12.wav
3-87936-B-46.wav,3,46,church_bells,87936,B,audio,audio_vibration/audio/3-87936-B-46.wav
4-195707-A-13.wav,4,13,crickets,195707,A,audio,audio_vibration/audio/4-195707-A-13.wav
2-141563-A-39.wav,2,39,glass_breaking,141563,A,audio,audio_vibration/audio/2-141563-A-39.wav
5-216131-A-32.wav,5,32,keyboard_typing,216131,A,audio,audio_vibration/audio/5-216131-A-32.wav
4-198360-C-49.wav,4,49,hand_saw,198360,C,audio,audio_vibration/audio/4-198360-C-49.wav
2-70938-A-42.wav,2,42,siren,70938,A,audio,audio_vibration/audio/2-70938-A-42.wav
2-160888-A-47.wav,2,47,airplane,160888,A,audio,audio_vibration/audio/2-160888-A-47.wav
4-194808-A-29.wav,4,29,drinking_sipping,194808,A,audio,audio_vibration/audio/4-194808-A-29.wav
2-70939-A-42.wav,2,42,siren,70939,A,audio,audio_vibration/audio/2-70939-A-42.wav
5-242492-A-3.wav,5,3,cow,242492,A,audio,audio_vibration/audio/5-242492-A-3.wav
3-145387-A-29.wav,3,29,drinking_sipping,145387,A,audio,audio_vibration/audio/3-145387-A-29.wav
3-152007-A-20.wav,3,20,crying_baby,152007,A,audio,audio_vibration/audio/3-152007-A-20.wav
1-172649-F-40.wav,1,40,helicopter,172649,F,audio,audio_vibration/audio/1-172649-F-40.wav
1-96950-A-9.wav,1,9,crow,96950,A,audio,audio_vibration/audio/1-96950-A-9.wav
4-155650-B-24.wav,4,24,coughing,155650,B,audio,audio_vibration/audio/4-155650-B-24.wav
4-161303-A-5.wav,4,5,cat,161303,A,audio,audio_vibration/audio/4-161303-A-5.wav
5-209698-A-38.wav,5,38,clock_tick,209698,A,audio,audio_vibration/audio/5-209698-A-38.wav
4-167077-B-20.wav,4,20,crying_baby,167077,B,audio,audio_vibration/audio/4-167077-B-20.wav
3-83527-A-4.wav,3,4,frog,83527,A,audio,audio_vibration/audio/3-83527-A-4.wav
4-184575-A-0.wav,4,0,dog,184575,A,audio,audio_vibration/audio/4-184575-A-0.wav
5-259169-A-5.wav,5,5,cat,259169,A,audio,audio_vibration/audio/5-259169-A-5.wav
3-146873-A-24.wav,3,24,coughing,146873,A,audio,audio_vibration/audio/3-146873-A-24.wav
4-144083-B-16.wav,4,16,wind,144083,B,audio,audio_vibration/audio/4-144083-B-16.wav
4-182034-A-30.wav,4,30,door_wood_knock,182034,A,audio,audio_vibration/audio/4-182034-A-30.wav
4-119648-A-48.wav,4,48,fireworks,119648,A,audio,audio_vibration/audio/4-119648-A-48.wav
2-104952-B-16.wav,2,16,wind,104952,B,audio,audio_vibration/audio/2-104952-B-16.wav
4-204618-A-11.wav,4,11,sea_waves,204618,A,audio,audio_vibration/audio/4-204618-A-11.wav
2-108767-C-9.wav,2,9,crow,108767,C,audio,audio_vibration/audio/2-108767-C-9.wav
2-106486-A-44.wav,2,44,engine,106486,A,audio,audio_vibration/audio/2-106486-A-44.wav
5-231762-A-0.wav,5,0,dog,231762,A,audio,audio_vibration/audio/5-231762-A-0.wav
3-154957-A-1.wav,3,1,rooster,154957,A,audio,audio_vibration/audio/3-154957-A-1.wav
3-157149-A-10.wav,3,10,rain,157149,A,audio,audio_vibration/audio/3-157149-A-10.wav
1-63871-A-10.wav,1,10,rain,63871,A,audio,audio_vibration/audio/1-63871-A-10.wav
5-182010-A-36.wav,5,36,vacuum_cleaner,182010,A,audio,audio_vibration/audio/5-182010-A-36.wav
2-94807-A-29.wav,2,29,drinking_sipping,94807,A,audio,audio_vibration/audio/2-94807-A-29.wav
5-222041-A-9.wav,5,9,crow,222041,A,audio,audio_vibration/audio/5-222041-A-9.wav
4-170247-A-12.wav,4,12,crackling_fire,170247,A,audio,audio_vibration/audio/4-170247-A-12.wav
5-195557-A-19.wav,5,19,thunderstorm,195557,A,audio,audio_vibration/audio/5-195557-A-19.wav
3-108791-A-18.wav,3,18,toilet_flush,108791,A,audio,audio_vibration/audio/3-108791-A-18.wav
2-66637-B-20.wav,2,20,crying_baby,66637,B,audio,audio_vibration/audio/2-66637-B-20.wav
5-208810-A-11.wav,5,11,sea_waves,208810,A,audio,audio_vibration/audio/5-208810-A-11.wav
4-149940-A-5.wav,4,5,cat,149940,A,audio,audio_vibration/audio/4-149940-A-5.wav
4-205526-B-23.wav,4,23,breathing,205526,B,audio,audio_vibration/audio/4-205526-B-23.wav
2-68595-B-15.wav,2,15,water_drops,68595,B,audio,audio_vibration/audio/2-68595-B-15.wav
4-181563-A-12.wav,4,12,crackling_fire,181563,A,audio,audio_vibration/audio/4-181563-A-12.wav
5-250026-A-30.wav,5,30,door_wood_knock,250026,A,audio,audio_vibration/audio/5-250026-A-30.wav
1-49409-A-8.wav,1,8,sheep,49409,A,audio,audio_vibration/audio/1-49409-A-8.wav
1-115521-A-19.wav,1,19,thunderstorm,115521,A,audio,audio_vibration/audio/1-115521-A-19.wav
1-27166-A-35.wav,1,35,washing_machine,27166,A,audio,audio_vibration/audio/1-27166-A-35.wav
2-78562-B-37.wav,2,37,clock_alarm,78562,B,audio,audio_vibration/audio/2-78562-B-37.wav
1-58277-A-3.wav,1,3,cow,58277,A,audio,audio_vibration/audio/1-58277-A-3.wav
3-153444-A-32.wav,3,32,keyboard_typing,153444,A,audio,audio_vibration/audio/3-153444-A-32.wav
5-219342-A-38.wav,5,38,clock_tick,219342,A,audio,audio_vibration/audio/5-219342-A-38.wav
2-158746-D-2.wav,2,2,pig,158746,D,audio,audio_vibration/audio/2-158746-D-2.wav
5-199284-B-45.wav,5,45,train,199284,B,audio,audio_vibration/audio/5-199284-B-45.wav
4-166661-A-10.wav,4,10,rain,166661,A,audio,audio_vibration/audio/4-166661-A-10.wav
5-207811-B-35.wav,5,35,washing_machine,207811,B,audio,audio_vibration/audio/5-207811-B-35.wav
2-78799-A-47.wav,2,47,airplane,78799,A,audio,audio_vibration/audio/2-78799-A-47.wav
2-43806-A-42.wav,2,42,siren,43806,A,audio,audio_vibration/audio/2-43806-A-42.wav
3-182023-A-30.wav,3,30,door_wood_knock,182023,A,audio,audio_vibration/audio/3-182023-A-30.wav
3-153057-A-43.wav,3,43,car_horn,153057,A,audio,audio_vibration/audio/3-153057-A-43.wav
3-146965-A-5.wav,3,5,cat,146965,A,audio,audio_vibration/audio/3-146965-A-5.wav
3-134699-A-16.wav,3,16,wind,134699,A,audio,audio_vibration/audio/3-134699-A-16.wav
2-54086-A-43.wav,2,43,car_horn,54086,A,audio,audio_vibration/audio/2-54086-A-43.wav
2-122820-B-36.wav,2,36,vacuum_cleaner,122820,B,audio,audio_vibration/audio/2-122820-B-36.wav
4-210309-A-31.wav,4,31,mouse_click,210309,A,audio,audio_vibration/audio/4-210309-A-31.wav
5-185579-A-41.wav,5,41,chainsaw,185579,A,audio,audio_vibration/audio/5-185579-A-41.wav
4-132839-A-33.wav,4,33,door_wood_creaks,132839,A,audio,audio_vibration/audio/4-132839-A-33.wav
3-155556-A-31.wav,3,31,mouse_click,155556,A,audio,audio_vibration/audio/3-155556-A-31.wav
4-204121-A-39.wav,4,39,glass_breaking,204121,A,audio,audio_vibration/audio/4-204121-A-39.wav
2-56926-A-46.wav,2,46,church_bells,56926,A,audio,audio_vibration/audio/2-56926-A-46.wav
5-160614-H-48.wav,5,48,fireworks,160614,H,audio,audio_vibration/audio/5-160614-H-48.wav
1-80841-A-13.wav,1,13,crickets,80841,A,audio,audio_vibration/audio/1-80841-A-13.wav
2-117330-A-28.wav,2,28,snoring,117330,A,audio,audio_vibration/audio/2-117330-A-28.wav
1-46272-A-12.wav,1,12,crackling_fire,46272,A,audio,audio_vibration/audio/1-46272-A-12.wav
5-238926-A-31.wav,5,31,mouse_click,238926,A,audio,audio_vibration/audio/5-238926-A-31.wav
4-175025-A-34.wav,4,34,can_opening,175025,A,audio,audio_vibration/audio/4-175025-A-34.wav
1-118206-A-31.wav,1,31,mouse_click,118206,A,audio,audio_vibration/audio/1-118206-A-31.wav
5-197121-A-45.wav,5,45,train,197121,A,audio,audio_vibration/audio/5-197121-A-45.wav
5-219044-A-46.wav,5,46,church_bells,219044,A,audio,audio_vibration/audio/5-219044-A-46.wav
1-19898-B-41.wav,1,41,chainsaw,19898,B,audio,audio_vibration/audio/1-19898-B-41.wav
2-70344-A-33.wav,2,33,door_wood_creaks,70344,A,audio,audio_vibration/audio/2-70344-A-33.wav
5-221567-A-22.wav,5,22,clapping,221567,A,audio,audio_vibration/audio/5-221567-A-22.wav
4-99644-A-4.wav,4,4,frog,99644,A,audio,audio_vibration/audio/4-99644-A-4.wav
2-70052-B-42.wav,2,42,siren,70052,B,audio,audio_vibration/audio/2-70052-B-42.wav
3-243726-A-43.wav,3,43,car_horn,243726,A,audio,audio_vibration/audio/3-243726-A-43.wav
1-36164-A-26.wav,1,26,laughing,36164,A,audio,audio_vibration/audio/1-36164-A-26.wav
5-177957-B-40.wav,5,40,helicopter,177957,B,audio,audio_vibration/audio/5-177957-B-40.wav
5-156999-A-19.wav,5,19,thunderstorm,156999,A,audio,audio_vibration/audio/5-156999-A-19.wav
3-152997-A-26.wav,3,26,laughing,152997,A,audio,audio_vibration/audio/3-152997-A-26.wav
5-257349-A-15.wav,5,15,water_drops,257349,A,audio,audio_vibration/audio/5-257349-A-15.wav
3-132340-A-37.wav,3,37,clock_alarm,132340,A,audio,audio_vibration/audio/3-132340-A-37.wav
5-251963-A-47.wav,5,47,airplane,251963,A,audio,audio_vibration/audio/5-251963-A-47.wav
1-27403-A-28.wav,1,28,snoring,27403,A,audio,audio_vibration/audio/1-27403-A-28.wav
3-154926-A-40.wav,3,40,helicopter,154926,A,audio,audio_vibration/audio/3-154926-A-40.wav
3-158056-B-31.wav,3,31,mouse_click,158056,B,audio,audio_vibration/audio/3-158056-B-31.wav
5-251962-A-47.wav,5,47,airplane,251962,A,audio,audio_vibration/audio/5-251962-A-47.wav
3-93010-A-18.wav,3,18,toilet_flush,93010,A,audio,audio_vibration/audio/3-93010-A-18.wav
1-49098-A-35.wav,1,35,washing_machine,49098,A,audio,audio_vibration/audio/1-49098-A-35.wav
2-103426-A-3.wav,2,3,cow,103426,A,audio,audio_vibration/audio/2-103426-A-3.wav
2-155801-A-11.wav,2,11,sea_waves,155801,A,audio,audio_vibration/audio/2-155801-A-11.wav
1-56233-A-9.wav,1,9,crow,56233,A,audio,audio_vibration/audio/1-56233-A-9.wav
4-251645-A-49.wav,4,49,hand_saw,251645,A,audio,audio_vibration/audio/4-251645-A-49.wav
4-187504-A-17.wav,4,17,pouring_water,187504,A,audio,audio_vibration/audio/4-187504-A-17.wav
4-218199-G-35.wav,4,35,washing_machine,218199,G,audio,audio_vibration/audio/4-218199-G-35.wav
5-223099-B-32.wav,5,32,keyboard_typing,223099,B,audio,audio_vibration/audio/5-223099-B-32.wav
3-134699-C-16.wav,3,16,wind,134699,C,audio,audio_vibration/audio/3-134699-C-16.wav
1-50623-A-15.wav,1,15,water_drops,50623,A,audio,audio_vibration/audio/1-50623-A-15.wav
2-69131-B-5.wav,2,5,cat,69131,B,audio,audio_vibration/audio/2-69131-B-5.wav
1-25781-A-48.wav,1,48,fireworks,25781,A,audio,audio_vibration/audio/1-25781-A-48.wav
5-187201-A-4.wav,5,4,frog,187201,A,audio,audio_vibration/audio/5-187201-A-4.wav
5-243459-B-14.wav,5,14,chirping_birds,243459,B,audio,audio_vibration/audio/5-243459-B-14.wav
3-159347-B-36.wav,3,36,vacuum_cleaner,159347,B,audio,audio_vibration/audio/3-159347-B-36.wav
5-202898-A-10.wav,5,10,rain,202898,A,audio,audio_vibration/audio/5-202898-A-10.wav
4-250864-A-8.wav,4,8,sheep,250864,A,audio,audio_vibration/audio/4-250864-A-8.wav
4-59579-B-20.wav,4,20,crying_baby,59579,B,audio,audio_vibration/audio/4-59579-B-20.wav
5-191131-A-40.wav,5,40,helicopter,191131,A,audio,audio_vibration/audio/5-191131-A-40.wav
1-223162-A-25.wav,1,25,footsteps,223162,A,audio,audio_vibration/audio/1-223162-A-25.wav
3-146964-A-5.wav,3,5,cat,146964,A,audio,audio_vibration/audio/3-146964-A-5.wav
1-119125-A-45.wav,1,45,train,119125,A,audio,audio_vibration/audio/1-119125-A-45.wav
3-103598-A-25.wav,3,25,footsteps,103598,A,audio,audio_vibration/audio/3-103598-A-25.wav
1-20133-A-39.wav,1,39,glass_breaking,20133,A,audio,audio_vibration/audio/1-20133-A-39.wav
3-182710-A-35.wav,3,35,washing_machine,182710,A,audio,audio_vibration/audio/3-182710-A-35.wav
4-175000-C-40.wav,4,40,helicopter,175000,C,audio,audio_vibration/audio/4-175000-C-40.wav
2-89516-A-37.wav,2,37,clock_alarm,89516,A,audio,audio_vibration/audio/2-89516-A-37.wav
5-220955-A-40.wav,5,40,helicopter,220955,A,audio,audio_vibration/audio/5-220955-A-40.wav
2-144137-A-43.wav,2,43,car_horn,144137,A,audio,audio_vibration/audio/2-144137-A-43.wav
4-194246-A-13.wav,4,13,crickets,194246,A,audio,audio_vibration/audio/4-194246-A-13.wav
1-75162-A-9.wav,1,9,crow,75162,A,audio,audio_vibration/audio/1-75162-A-9.wav
1-100038-A-14.wav,1,14,chirping_birds,100038,A,audio,audio_vibration/audio/1-100038-A-14.wav
1-103995-A-30.wav,1,30,door_wood_knock,103995,A,audio,audio_vibration/audio/1-103995-A-30.wav
1-40967-A-28.wav,1,28,snoring,40967,A,audio,audio_vibration/audio/1-40967-A-28.wav
5-61635-A-8.wav,5,8,sheep,61635,A,audio,audio_vibration/audio/5-61635-A-8.wav
3-150363-A-38.wav,3,38,clock_tick,150363,A,audio,audio_vibration/audio/3-150363-A-38.wav
5-243450-A-14.wav,5,14,chirping_birds,243450,A,audio,audio_vibration/audio/5-243450-A-14.wav
1-26806-A-1.wav,1,1,rooster,26806,A,audio,audio_vibration/audio/1-26806-A-1.wav
2-70280-A-18.wav,2,18,toilet_flush,70280,A,audio,audio_vibration/audio/2-70280-A-18.wav
1-47250-A-41.wav,1,41,chainsaw,47250,A,audio,audio_vibration/audio/1-47250-A-41.wav
4-107117-A-33.wav,4,33,door_wood_creaks,107117,A,audio,audio_vibration/audio/4-107117-A-33.wav
5-202220-A-21.wav,5,21,sneezing,202220,A,audio,audio_vibration/audio/5-202220-A-21.wav
4-141365-A-18.wav,4,18,toilet_flush,141365,A,audio,audio_vibration/audio/4-141365-A-18.wav
1-196660-B-8.wav,1,8,sheep,196660,B,audio,audio_vibration/audio/1-196660-B-8.wav
1-13572-A-46.wav,1,46,church_bells,13572,A,audio,audio_vibration/audio/1-13572-A-46.wav
4-208021-A-1.wav,4,1,rooster,208021,A,audio,audio_vibration/audio/4-208021-A-1.wav
2-37806-B-40.wav,2,40,helicopter,37806,B,audio,audio_vibration/audio/2-37806-B-40.wav
5-253085-A-3.wav,5,3,cow,253085,A,audio,audio_vibration/audio/5-253085-A-3.wav
2-96904-A-27.wav,2,27,brushing_teeth,96904,A,audio,audio_vibration/audio/2-96904-A-27.wav
2-50667-B-41.wav,2,41,chainsaw,50667,B,audio,audio_vibration/audio/2-50667-B-41.wav
2-112213-B-39.wav,2,39,glass_breaking,112213,B,audio,audio_vibration/audio/2-112213-B-39.wav
5-244178-A-32.wav,5,32,keyboard_typing,244178,A,audio,audio_vibration/audio/5-244178-A-32.wav
1-110537-A-22.wav,1,22,clapping,110537,A,audio,audio_vibration/audio/1-110537-A-22.wav
5-214362-A-17.wav,5,17,pouring_water,214362,A,audio,audio_vibration/audio/5-214362-A-17.wav
5-208030-A-0.wav,5,0,dog,208030,A,audio,audio_vibration/audio/5-208030-A-0.wav
5-217186-C-16.wav,5,16,wind,217186,C,audio,audio_vibration/audio/5-217186-C-16.wav
2-25292-A-22.wav,2,22,clapping,25292,A,audio,audio_vibration/audio/2-25292-A-22.wav
4-191297-A-28.wav,4,28,snoring,191297,A,audio,audio_vibration/audio/4-191297-A-28.wav
3-151206-A-23.wav,3,23,breathing,151206,A,audio,audio_vibration/audio/3-151206-A-23.wav
2-25293-A-22.wav,2,22,clapping,25293,A,audio,audio_vibration/audio/2-25293-A-22.wav
5-177614-A-5.wav,5,5,cat,177614,A,audio,audio_vibration/audio/5-177614-A-5.wav
5-213293-A-23.wav,5,23,breathing,213293,A,audio,audio_vibration/audio/5-213293-A-23.wav
2-104476-A-37.wav,2,37,clock_alarm,104476,A,audio,audio_vibration/audio/2-104476-A-37.wav
5-188365-A-36.wav,5,36,vacuum_cleaner,188365,A,audio,audio_vibration/audio/5-188365-A-36.wav
4-155670-A-26.wav,4,26,laughing,155670,A,audio,audio_vibration/audio/4-155670-A-26.wav
4-250869-C-2.wav,4,2,pig,250869,C,audio,audio_vibration/audio/4-250869-C-2.wav
3-197435-B-22.wav,3,22,clapping,197435,B,audio,audio_vibration/audio/3-197435-B-22.wav
1-17585-A-7.wav,1,7,insects,17585,A,audio,audio_vibration/audio/1-17585-A-7.wav
3-58772-A-42.wav,3,42,siren,58772,A,audio,audio_vibration/audio/3-58772-A-42.wav
2-106015-B-44.wav,2,44,engine,106015,B,audio,audio_vibration/audio/2-106015-B-44.wav
3-161500-A-17.wav,3,17,pouring_water,161500,A,audio,audio_vibration/audio/3-161500-A-17.wav
5-207836-B-29.wav,5,29,drinking_sipping,207836,B,audio,audio_vibration/audio/5-207836-B-29.wav
2-99795-A-32.wav,2,32,keyboard_typing,99795,A,audio,audio_vibration/audio/2-99795-A-32.wav
2-95035-A-1.wav,2,1,rooster,95035,A,audio,audio_vibration/audio/2-95035-A-1.wav
1-29680-A-21.wav,1,21,sneezing,29680,A,audio,audio_vibration/audio/1-29680-A-21.wav
2-158746-B-2.wav,2,2,pig,158746,B,audio,audio_vibration/audio/2-158746-B-2.wav
3-171281-A-6.wav,3,6,hen,171281,A,audio,audio_vibration/audio/3-171281-A-6.wav
4-159609-A-14.wav,4,14,chirping_birds,159609,A,audio,audio_vibration/audio/4-159609-A-14.wav
5-216370-B-41.wav,5,41,chainsaw,216370,B,audio,audio_vibration/audio/5-216370-B-41.wav
3-197408-B-8.wav,3,8,sheep,197408,B,audio,audio_vibration/audio/3-197408-B-8.wav
5-240671-A-44.wav,5,44,engine,240671,A,audio,audio_vibration/audio/5-240671-A-44.wav
5-213855-A-0.wav,5,0,dog,213855,A,audio,audio_vibration/audio/5-213855-A-0.wav
3-185456-A-29.wav,3,29,drinking_sipping,185456,A,audio,audio_vibration/audio/3-185456-A-29.wav
1-81851-A-31.wav,1,31,mouse_click,81851,A,audio,audio_vibration/audio/1-81851-A-31.wav
2-205966-A-16.wav,2,16,wind,205966,A,audio,audio_vibration/audio/2-205966-A-16.wav
3-119120-D-48.wav,3,48,fireworks,119120,D,audio,audio_vibration/audio/3-119120-D-48.wav
5-182404-A-18.wav,5,18,toilet_flush,182404,A,audio,audio_vibration/audio/5-182404-A-18.wav
5-182007-A-36.wav,5,36,vacuum_cleaner,182007,A,audio,audio_vibration/audio/5-182007-A-36.wav
4-179984-A-38.wav,4,38,clock_tick,179984,A,audio,audio_vibration/audio/4-179984-A-38.wav
5-235893-A-28.wav,5,28,snoring,235893,A,audio,audio_vibration/audio/5-235893-A-28.wav
4-196671-A-8.wav,4,8,sheep,196671,A,audio,audio_vibration/audio/4-196671-A-8.wav
1-181071-B-40.wav,1,40,helicopter,181071,B,audio,audio_vibration/audio/1-181071-B-40.wav
4-171823-A-13.wav,4,13,crickets,171823,A,audio,audio_vibration/audio/4-171823-A-13.wav
3-154378-A-30.wav,3,30,door_wood_knock,154378,A,audio,audio_vibration/audio/3-154378-A-30.wav
5-188655-A-10.wav,5,10,rain,188655,A,audio,audio_vibration/audio/5-188655-A-10.wav
5-251426-A-30.wav,5,30,door_wood_knock,251426,A,audio,audio_vibration/audio/5-251426-A-30.wav
1-84393-A-32.wav,1,32,keyboard_typing,84393,A,audio,audio_vibration/audio/1-84393-A-32.wav
1-38559-A-14.wav,1,14,chirping_birds,38559,A,audio,audio_vibration/audio/1-38559-A-14.wav
1-116765-A-41.wav,1,41,chainsaw,116765,A,audio,audio_vibration/audio/1-116765-A-41.wav
1-977-A-39.wav,1,39,glass_breaking,977,A,audio,audio_vibration/audio/1-977-A-39.wav
1-76831-C-42.wav,1,42,siren,76831,C,audio,audio_vibration/audio/1-76831-C-42.wav
1-18074-B-6.wav,1,6,hen,18074,B,audio,audio_vibration/audio/1-18074-B-6.wav
3-116135-A-1.wav,3,1,rooster,116135,A,audio,audio_vibration/audio/3-116135-A-1.wav
4-188191-B-29.wav,4,29,drinking_sipping,188191,B,audio,audio_vibration/audio/4-188191-B-29.wav
3-152912-A-26.wav,3,26,laughing,152912,A,audio,audio_vibration/audio/3-152912-A-26.wav
3-126391-B-27.wav,3,27,brushing_teeth,126391,B,audio,audio_vibration/audio/3-126391-B-27.wav
2-94230-A-27.wav,2,27,brushing_teeth,94230,A,audio,audio_vibration/audio/2-94230-A-27.wav
2-76408-D-22.wav,2,22,clapping,76408,D,audio,audio_vibration/audio/2-76408-D-22.wav
5-179496-B-16.wav,5,16,wind,179496,B,audio,audio_vibration/audio/5-179496-B-16.wav
1-40730-A-1.wav,1,1,rooster,40730,A,audio,audio_vibration/audio/1-40730-A-1.wav
1-51805-G-33.wav,1,33,door_wood_creaks,51805,G,audio,audio_vibration/audio/1-51805-G-33.wav
4-161100-A-47.wav,4,47,airplane,161100,A,audio,audio_vibration/audio/4-161100-A-47.wav
3-152007-C-20.wav,3,20,crying_baby,152007,C,audio,audio_vibration/audio/3-152007-C-20.wav
3-164120-A-11.wav,3,11,sea_waves,164120,A,audio,audio_vibration/audio/3-164120-A-11.wav
1-101296-B-19.wav,1,19,thunderstorm,101296,B,audio,audio_vibration/audio/1-101296-B-19.wav
1-57163-A-38.wav,1,38,clock_tick,57163,A,audio,audio_vibration/audio/1-57163-A-38.wav
1-19872-A-36.wav,1,36,vacuum_cleaner,19872,A,audio,audio_vibration/audio/1-19872-A-36.wav
2-250710-A-39.wav,2,39,glass_breaking,250710,A,audio,audio_vibration/audio/2-250710-A-39.wav
3-144128-B-23.wav,3,23,breathing,144128,B,audio,audio_vibration/audio/3-144128-B-23.wav
3-253084-A-2.wav,3,2,pig,253084,A,audio,audio_vibration/audio/3-253084-A-2.wav
2-122616-A-14.wav,2,14,chirping_birds,122616,A,audio,audio_vibration/audio/2-122616-A-14.wav
4-160999-A-10.wav,4,10,rain,160999,A,audio,audio_vibration/audio/4-160999-A-10.wav
3-119120-A-48.wav,3,48,fireworks,119120,A,audio,audio_vibration/audio/3-119120-A-48.wav
3-144259-A-29.wav,3,29,drinking_sipping,144259,A,audio,audio_vibration/audio/3-144259-A-29.wav
5-213836-A-9.wav,5,9,crow,213836,A,audio,audio_vibration/audio/5-213836-A-9.wav
2-209471-A-25.wav,2,25,footsteps,209471,A,audio,audio_vibration/audio/2-209471-A-25.wav
1-24076-A-43.wav,1,43,car_horn,24076,A,audio,audio_vibration/audio/1-24076-A-43.wav
3-121348-A-9.wav,3,9,crow,121348,A,audio,audio_vibration/audio/3-121348-A-9.wav
5-117118-A-42.wav,5,42,siren,117118,A,audio,audio_vibration/audio/5-117118-A-42.wav
1-34853-A-37.wav,1,37,clock_alarm,34853,A,audio,audio_vibration/audio/1-34853-A-37.wav
2-166644-C-2.wav,2,2,pig,166644,C,audio,audio_vibration/audio/2-166644-C-2.wav
5-207681-A-24.wav,5,24,coughing,207681,A,audio,audio_vibration/audio/5-207681-A-24.wav
3-102583-B-49.wav,3,49,hand_saw,102583,B,audio,audio_vibration/audio/3-102583-B-49.wav
4-171706-A-23.wav,4,23,breathing,171706,A,audio,audio_vibration/audio/4-171706-A-23.wav
5-127990-A-2.wav,5,2,pig,127990,A,audio,audio_vibration/audio/5-127990-A-2.wav
3-101381-A-33.wav,3,33,door_wood_creaks,101381,A,audio,audio_vibration/audio/3-101381-A-33.wav
2-43802-A-42.wav,2,42,siren,43802,A,audio,audio_vibration/audio/2-43802-A-42.wav
3-172881-A-48.wav,3,48,fireworks,172881,A,audio,audio_vibration/audio/3-172881-A-48.wav
5-238492-A-23.wav,5,23,breathing,238492,A,audio,audio_vibration/audio/5-238492-A-23.wav
4-168446-A-45.wav,4,45,train,168446,A,audio,audio_vibration/audio/4-168446-A-45.wav
1-187207-A-20.wav,1,20,crying_baby,187207,A,audio,audio_vibration/audio/1-187207-A-20.wav
2-135649-B-45.wav,2,45,train,135649,B,audio,audio_vibration/audio/2-135649-B-45.wav
2-182508-B-8.wav,2,8,sheep,182508,B,audio,audio_vibration/audio/2-182508-B-8.wav
3-187549-B-6.wav,3,6,hen,187549,B,audio,audio_vibration/audio/3-187549-B-6.wav
3-132852-A-10.wav,3,10,rain,132852,A,audio,audio_vibration/audio/3-132852-A-10.wav
2-96654-A-47.wav,2,47,airplane,96654,A,audio,audio_vibration/audio/2-96654-A-47.wav
4-181362-A-13.wav,4,13,crickets,181362,A,audio,audio_vibration/audio/4-181362-A-13.wav
3-70962-A-4.wav,3,4,frog,70962,A,audio,audio_vibration/audio/3-70962-A-4.wav
5-242490-A-14.wav,5,14,chirping_birds,242490,A,audio,audio_vibration/audio/5-242490-A-14.wav
2-62226-A-26.wav,2,26,laughing,62226,A,audio,audio_vibration/audio/2-62226-A-26.wav
2-87282-A-34.wav,2,34,can_opening,87282,A,audio,audio_vibration/audio/2-87282-A-34.wav
1-30344-A-0.wav,1,0,dog,30344,A,audio,audio_vibration/audio/1-30344-A-0.wav
3-124600-A-19.wav,3,19,thunderstorm,124600,A,audio,audio_vibration/audio/3-124600-A-19.wav
5-217158-A-0.wav,5,0,dog,217158,A,audio,audio_vibration/audio/5-217158-A-0.wav
3-185313-A-31.wav,3,31,mouse_click,185313,A,audio,audio_vibration/audio/3-185313-A-31.wav
5-194899-D-3.wav,5,3,cow,194899,D,audio,audio_vibration/audio/5-194899-D-3.wav
1-50455-A-44.wav,1,44,engine,50455,A,audio,audio_vibration/audio/1-50455-A-44.wav
3-193767-A-47.wav,3,47,airplane,193767,A,audio,audio_vibration/audio/3-193767-A-47.wav
3-118656-A-41.wav,3,41,chainsaw,118656,A,audio,audio_vibration/audio/3-118656-A-41.wav
5-243448-A-14.wav,5,14,chirping_birds,243448,A,audio,audio_vibration/audio/5-243448-A-14.wav
3-118657-A-41.wav,3,41,chainsaw,118657,A,audio,audio_vibration/audio/3-118657-A-41.wav
3-145577-A-43.wav,3,43,car_horn,145577,A,audio,audio_vibration/audio/3-145577-A-43.wav
2-76408-A-22.wav,2,22,clapping,76408,A,audio,audio_vibration/audio/2-76408-A-22.wav
4-188293-A-15.wav,4,15,water_drops,188293,A,audio,audio_vibration/audio/4-188293-A-15.wav
5-243449-A-14.wav,5,14,chirping_birds,243449,A,audio,audio_vibration/audio/5-243449-A-14.wav
4-218304-A-25.wav,4,25,footsteps,218304,A,audio,audio_vibration/audio/4-218304-A-25.wav
1-69422-A-3.wav,1,3,cow,69422,A,audio,audio_vibration/audio/1-69422-A-3.wav
1-172649-A-40.wav,1,40,helicopter,172649,A,audio,audio_vibration/audio/1-172649-A-40.wav
5-170338-A-41.wav,5,41,chainsaw,170338,A,audio,audio_vibration/audio/5-170338-A-41.wav
2-96033-A-13.wav,2,13,crickets,96033,A,audio,audio_vibration/audio/2-96033-A-13.wav
3-141684-A-21.wav,3,21,sneezing,141684,A,audio,audio_vibration/audio/3-141684-A-21.wav
4-164661-A-12.wav,4,12,crackling_fire,164661,A,audio,audio_vibration/audio/4-164661-A-12.wav
1-22882-A-44.wav,1,44,engine,22882,A,audio,audio_vibration/audio/1-22882-A-44.wav
4-212604-B-15.wav,4,15,water_drops,212604,B,audio,audio_vibration/audio/4-212604-B-15.wav
2-119161-B-8.wav,2,8,sheep,119161,B,audio,audio_vibration/audio/2-119161-B-8.wav
4-188033-A-38.wav,4,38,clock_tick,188033,A,audio,audio_vibration/audio/4-188033-A-38.wav
5-216216-A-13.wav,5,13,crickets,216216,A,audio,audio_vibration/audio/5-216216-A-13.wav
4-172734-A-36.wav,4,36,vacuum_cleaner,172734,A,audio,audio_vibration/audio/4-172734-A-36.wav
5-215005-A-32.wav,5,32,keyboard_typing,215005,A,audio,audio_vibration/audio/5-215005-A-32.wav
2-125966-A-11.wav,2,11,sea_waves,125966,A,audio,audio_vibration/audio/2-125966-A-11.wav
1-254507-A-43.wav,1,43,car_horn,254507,A,audio,audio_vibration/audio/1-254507-A-43.wav
4-216349-A-34.wav,4,34,can_opening,216349,A,audio,audio_vibration/audio/4-216349-A-34.wav
1-202111-A-3.wav,1,3,cow,202111,A,audio,audio_vibration/audio/1-202111-A-3.wav
4-176638-A-43.wav,4,43,car_horn,176638,A,audio,audio_vibration/audio/4-176638-A-43.wav
2-70936-A-42.wav,2,42,siren,70936,A,audio,audio_vibration/audio/2-70936-A-42.wav
2-54962-A-23.wav,2,23,breathing,54962,A,audio,audio_vibration/audio/2-54962-A-23.wav
4-171396-A-24.wav,4,24,coughing,171396,A,audio,audio_vibration/audio/4-171396-A-24.wav
1-68670-A-34.wav,1,34,can_opening,68670,A,audio,audio_vibration/audio/1-68670-A-34.wav
3-142006-A-10.wav,3,10,rain,142006,A,audio,audio_vibration/audio/3-142006-A-10.wav
5-262957-A-22.wav,5,22,clapping,262957,A,audio,audio_vibration/audio/5-262957-A-22.wav
5-232272-A-44.wav,5,44,engine,232272,A,audio,audio_vibration/audio/5-232272-A-44.wav
1-34094-A-5.wav,1,5,cat,34094,A,audio,audio_vibration/audio/1-34094-A-5.wav
3-71964-C-4.wav,3,4,frog,71964,C,audio,audio_vibration/audio/3-71964-C-4.wav
3-172179-A-31.wav,3,31,mouse_click,172179,A,audio,audio_vibration/audio/3-172179-A-31.wav
1-24524-A-19.wav,1,19,thunderstorm,24524,A,audio,audio_vibration/audio/1-24524-A-19.wav
1-21421-A-46.wav,1,46,church_bells,21421,A,audio,audio_vibration/audio/1-21421-A-46.wav
2-64962-A-15.wav,2,15,water_drops,64962,A,audio,audio_vibration/audio/2-64962-A-15.wav
5-178997-A-24.wav,5,24,coughing,178997,A,audio,audio_vibration/audio/5-178997-A-24.wav
2-64963-A-15.wav,2,15,water_drops,64963,A,audio,audio_vibration/audio/2-64963-A-15.wav
1-21934-A-38.wav,1,38,clock_tick,21934,A,audio,audio_vibration/audio/1-21934-A-38.wav
2-133889-A-30.wav,2,30,door_wood_knock,133889,A,audio,audio_vibration/audio/2-133889-A-30.wav
1-21935-A-38.wav,1,38,clock_tick,21935,A,audio,audio_vibration/audio/1-21935-A-38.wav
1-34119-A-1.wav,1,1,rooster,34119,A,audio,audio_vibration/audio/1-34119-A-1.wav
2-117615-D-48.wav,2,48,fireworks,117615,D,audio,audio_vibration/audio/2-117615-D-48.wav
2-84965-A-23.wav,2,23,breathing,84965,A,audio,audio_vibration/audio/2-84965-A-23.wav
1-57795-A-8.wav,1,8,sheep,57795,A,audio,audio_vibration/audio/1-57795-A-8.wav
1-18527-A-44.wav,1,44,engine,18527,A,audio,audio_vibration/audio/1-18527-A-44.wav
2-32834-A-4.wav,2,4,frog,32834,A,audio,audio_vibration/audio/2-32834-A-4.wav
4-140034-A-46.wav,4,46,church_bells,140034,A,audio,audio_vibration/audio/4-140034-A-46.wav
1-17295-A-29.wav,1,29,drinking_sipping,17295,A,audio,audio_vibration/audio/1-17295-A-29.wav
5-214869-A-9.wav,5,9,crow,214869,A,audio,audio_vibration/audio/5-214869-A-9.wav
1-72229-A-6.wav,1,6,hen,72229,A,audio,audio_vibration/audio/1-72229-A-6.wav
2-118104-A-21.wav,2,21,sneezing,118104,A,audio,audio_vibration/audio/2-118104-A-21.wav
4-204612-A-31.wav,4,31,mouse_click,204612,A,audio,audio_vibration/audio/4-204612-A-31.wav
2-160128-A-7.wav,2,7,insects,160128,A,audio,audio_vibration/audio/2-160128-A-7.wav
3-105236-A-7.wav,3,7,insects,105236,A,audio,audio_vibration/audio/3-105236-A-7.wav
3-148932-A-34.wav,3,34,can_opening,148932,A,audio,audio_vibration/audio/3-148932-A-34.wav
5-193473-B-12.wav,5,12,crackling_fire,193473,B,audio,audio_vibration/audio/5-193473-B-12.wav
1-30709-C-23.wav,1,23,breathing,30709,C,audio,audio_vibration/audio/1-30709-C-23.wav
2-107228-A-44.wav,2,44,engine,107228,A,audio,audio_vibration/audio/2-107228-A-44.wav
1-25777-A-48.wav,1,48,fireworks,25777,A,audio,audio_vibration/audio/1-25777-A-48.wav
5-221568-A-22.wav,5,22,clapping,221568,A,audio,audio_vibration/audio/5-221568-A-22.wav
1-53467-A-47.wav,1,47,airplane,53467,A,audio,audio_vibration/audio/1-53467-A-47.wav
1-57316-A-13.wav,1,13,crickets,57316,A,audio,audio_vibration/audio/1-57316-A-13.wav
2-37870-A-2.wav,2,2,pig,37870,A,audio,audio_vibration/audio/2-37870-A-2.wav
1-50060-A-10.wav,1,10,rain,50060,A,audio,audio_vibration/audio/1-50060-A-10.wav
3-130998-A-28.wav,3,28,snoring,130998,A,audio,audio_vibration/audio/3-130998-A-28.wav
2-83667-A-34.wav,2,34,can_opening,83667,A,audio,audio_vibration/audio/2-83667-A-34.wav
3-62878-A-42.wav,3,42,siren,62878,A,audio,audio_vibration/audio/3-62878-A-42.wav
1-77160-A-3.wav,1,3,cow,77160,A,audio,audio_vibration/audio/1-77160-A-3.wav
5-209992-A-44.wav,5,44,engine,209992,A,audio,audio_vibration/audio/5-209992-A-44.wav
5-103415-A-2.wav,5,2,pig,103415,A,audio,audio_vibration/audio/5-103415-A-2.wav
2-173559-A-39.wav,2,39,glass_breaking,173559,A,audio,audio_vibration/audio/2-173559-A-39.wav
3-171937-A-34.wav,3,34,can_opening,171937,A,audio,audio_vibration/audio/3-171937-A-34.wav
3-110536-A-26.wav,3,26,laughing,110536,A,audio,audio_vibration/audio/3-110536-A-26.wav
5-234879-A-1.wav,5,1,rooster,234879,A,audio,audio_vibration/audio/5-234879-A-1.wav
4-160036-A-33.wav,4,33,door_wood_creaks,160036,A,audio,audio_vibration/audio/4-160036-A-33.wav
3-132747-A-26.wav,3,26,laughing,132747,A,audio,audio_vibration/audio/3-132747-A-26.wav
5-177957-E-40.wav,5,40,helicopter,177957,E,audio,audio_vibration/audio/5-177957-E-40.wav
2-86160-A-27.wav,2,27,brushing_teeth,86160,A,audio,audio_vibration/audio/2-86160-A-27.wav
3-166546-A-34.wav,3,34,can_opening,166546,A,audio,audio_vibration/audio/3-166546-A-34.wav
1-23094-A-15.wav,1,15,water_drops,23094,A,audio,audio_vibration/audio/1-23094-A-15.wav
3-144692-A-21.wav,3,21,sneezing,144692,A,audio,audio_vibration/audio/3-144692-A-21.wav
4-181999-A-36.wav,4,36,vacuum_cleaner,181999,A,audio,audio_vibration/audio/4-181999-A-36.wav
2-50666-A-20.wav,2,20,crying_baby,50666,A,audio,audio_vibration/audio/2-50666-A-20.wav
1-39937-A-28.wav,1,28,snoring,39937,A,audio,audio_vibration/audio/1-39937-A-28.wav
4-149294-A-41.wav,4,41,chainsaw,149294,A,audio,audio_vibration/audio/4-149294-A-41.wav
1-62849-A-38.wav,1,38,clock_tick,62849,A,audio,audio_vibration/audio/1-62849-A-38.wav
3-151269-A-35.wav,3,35,washing_machine,151269,A,audio,audio_vibration/audio/3-151269-A-35.wav
5-160614-C-48.wav,5,48,fireworks,160614,C,audio,audio_vibration/audio/5-160614-C-48.wav
2-80313-A-28.wav,2,28,snoring,80313,A,audio,audio_vibration/audio/2-80313-A-28.wav
3-103050-A-19.wav,3,19,thunderstorm,103050,A,audio,audio_vibration/audio/3-103050-A-19.wav
2-80482-A-20.wav,2,20,crying_baby,80482,A,audio,audio_vibration/audio/2-80482-A-20.wav
3-103051-A-19.wav,3,19,thunderstorm,103051,A,audio,audio_vibration/audio/3-103051-A-19.wav
3-149465-A-22.wav,3,22,clapping,149465,A,audio,audio_vibration/audio/3-149465-A-22.wav
2-59565-A-46.wav,2,46,church_bells,59565,A,audio,audio_vibration/audio/2-59565-A-46.wav
3-187710-A-11.wav,3,11,sea_waves,187710,A,audio,audio_vibration/audio/3-187710-A-11.wav
3-151081-A-20.wav,3,20,crying_baby,151081,A,audio,audio_vibration/audio/3-151081-A-20.wav
5-157204-B-16.wav,5,16,wind,157204,B,audio,audio_vibration/audio/5-157204-B-16.wav
3-155570-A-32.wav,3,32,keyboard_typing,155570,A,audio,audio_vibration/audio/3-155570-A-32.wav
4-186936-A-44.wav,4,44,engine,186936,A,audio,audio_vibration/audio/4-186936-A-44.wav
2-139748-B-15.wav,2,15,water_drops,139748,B,audio,audio_vibration/audio/2-139748-B-15.wav
4-216211-A-14.wav,4,14,chirping_birds,216211,A,audio,audio_vibration/audio/4-216211-A-14.wav
5-215658-B-12.wav,5,12,crackling_fire,215658,B,audio,audio_vibration/audio/5-215658-B-12.wav
1-24524-C-19.wav,1,19,thunderstorm,24524,C,audio,audio_vibration/audio/1-24524-C-19.wav
1-39835-A-9.wav,1,9,crow,39835,A,audio,audio_vibration/audio/1-39835-A-9.wav
3-117883-A-37.wav,3,37,clock_alarm,117883,A,audio,audio_vibration/audio/3-117883-A-37.wav
4-198965-A-38.wav,4,38,clock_tick,198965,A,audio,audio_vibration/audio/4-198965-A-38.wav
3-147965-A-12.wav,3,12,crackling_fire,147965,A,audio,audio_vibration/audio/3-147965-A-12.wav
1-59102-A-13.wav,1,13,crickets,59102,A,audio,audio_vibration/audio/1-59102-A-13.wav
1-54084-A-42.wav,1,42,siren,54084,A,audio,audio_vibration/audio/1-54084-A-42.wav
4-184434-A-21.wav,4,21,sneezing,184434,A,audio,audio_vibration/audio/4-184434-A-21.wav
2-104105-A-19.wav,2,19,thunderstorm,104105,A,audio,audio_vibration/audio/2-104105-A-19.wav
3-108451-B-17.wav,3,17,pouring_water,108451,B,audio,audio_vibration/audio/3-108451-B-17.wav
3-249913-A-25.wav,3,25,footsteps,249913,A,audio,audio_vibration/audio/3-249913-A-25.wav
1-31748-A-21.wav,1,21,sneezing,31748,A,audio,audio_vibration/audio/1-31748-A-21.wav
4-174860-B-3.wav,4,3,cow,174860,B,audio,audio_vibration/audio/4-174860-B-3.wav
2-82274-B-5.wav,2,5,cat,82274,B,audio,audio_vibration/audio/2-82274-B-5.wav
5-188796-A-45.wav,5,45,train,188796,A,audio,audio_vibration/audio/5-188796-A-45.wav
4-179836-A-34.wav,4,34,can_opening,179836,A,audio,audio_vibration/audio/4-179836-A-34.wav
2-104877-A-3.wav,2,3,cow,104877,A,audio,audio_vibration/audio/2-104877-A-3.wav
4-204777-B-39.wav,4,39,glass_breaking,204777,B,audio,audio_vibration/audio/4-204777-B-39.wav
5-160614-A-48.wav,5,48,fireworks,160614,A,audio,audio_vibration/audio/5-160614-A-48.wav
1-79220-A-17.wav,1,17,pouring_water,79220,A,audio,audio_vibration/audio/1-79220-A-17.wav
1-58792-A-24.wav,1,24,coughing,58792,A,audio,audio_vibration/audio/1-58792-A-24.wav
1-73585-A-7.wav,1,7,insects,73585,A,audio,audio_vibration/audio/1-73585-A-7.wav
3-96606-B-49.wav,3,49,hand_saw,96606,B,audio,audio_vibration/audio/3-96606-B-49.wav
5-198278-B-7.wav,5,7,insects,198278,B,audio,audio_vibration/audio/5-198278-B-7.wav
4-185619-A-21.wav,4,21,sneezing,185619,A,audio,audio_vibration/audio/4-185619-A-21.wav
4-198962-B-25.wav,4,25,footsteps,198962,B,audio,audio_vibration/audio/4-198962-B-25.wav
5-156999-D-19.wav,5,19,thunderstorm,156999,D,audio,audio_vibration/audio/5-156999-D-19.wav
2-81970-B-7.wav,2,7,insects,81970,B,audio,audio_vibration/audio/2-81970-B-7.wav
3-118487-A-26.wav,3,26,laughing,118487,A,audio,audio_vibration/audio/3-118487-A-26.wav
3-95694-A-5.wav,3,5,cat,95694,A,audio,audio_vibration/audio/3-95694-A-5.wav
5-197446-A-7.wav,5,7,insects,197446,A,audio,audio_vibration/audio/5-197446-A-7.wav
2-60180-B-49.wav,2,49,hand_saw,60180,B,audio,audio_vibration/audio/2-60180-B-49.wav
1-28135-A-11.wav,1,11,sea_waves,28135,A,audio,audio_vibration/audio/1-28135-A-11.wav
4-202298-A-31.wav,4,31,mouse_click,202298,A,audio,audio_vibration/audio/4-202298-A-31.wav
5-216368-A-28.wav,5,28,snoring,216368,A,audio,audio_vibration/audio/5-216368-A-28.wav
1-39901-B-11.wav,1,11,sea_waves,39901,B,audio,audio_vibration/audio/1-39901-B-11.wav
4-133047-B-5.wav,4,5,cat,133047,B,audio,audio_vibration/audio/4-133047-B-5.wav
4-90014-A-42.wav,4,42,siren,90014,A,audio,audio_vibration/audio/4-90014-A-42.wav
5-198411-C-20.wav,5,20,crying_baby,198411,C,audio,audio_vibration/audio/5-198411-C-20.wav
4-201800-A-31.wav,4,31,mouse_click,201800,A,audio,audio_vibration/audio/4-201800-A-31.wav
5-218981-A-30.wav,5,30,door_wood_knock,218981,A,audio,audio_vibration/audio/5-218981-A-30.wav
4-191687-A-0.wav,4,0,dog,191687,A,audio,audio_vibration/audio/4-191687-A-0.wav
1-33658-A-26.wav,1,26,laughing,33658,A,audio,audio_vibration/audio/1-33658-A-26.wav
2-83934-A-5.wav,2,5,cat,83934,A,audio,audio_vibration/audio/2-83934-A-5.wav
5-117250-A-2.wav,5,2,pig,117250,A,audio,audio_vibration/audio/5-117250-A-2.wav
5-197988-A-46.wav,5,46,church_bells,197988,A,audio,audio_vibration/audio/5-197988-A-46.wav
2-77945-A-41.wav,2,41,chainsaw,77945,A,audio,audio_vibration/audio/2-77945-A-41.wav
5-242932-A-26.wav,5,26,laughing,242932,A,audio,audio_vibration/audio/5-242932-A-26.wav
4-180453-A-17.wav,4,17,pouring_water,180453,A,audio,audio_vibration/audio/4-180453-A-17.wav
2-120218-B-30.wav,2,30,door_wood_knock,120218,B,audio,audio_vibration/audio/2-120218-B-30.wav
3-155312-A-0.wav,3,0,dog,155312,A,audio,audio_vibration/audio/3-155312-A-0.wav
3-124795-A-28.wav,3,28,snoring,124795,A,audio,audio_vibration/audio/3-124795-A-28.wav
3-181278-A-22.wav,3,22,clapping,181278,A,audio,audio_vibration/audio/3-181278-A-22.wav
3-123224-A-19.wav,3,19,thunderstorm,123224,A,audio,audio_vibration/audio/3-123224-A-19.wav
1-23706-A-49.wav,1,49,hand_saw,23706,A,audio,audio_vibration/audio/1-23706-A-49.wav
3-145719-A-17.wav,3,17,pouring_water,145719,A,audio,audio_vibration/audio/3-145719-A-17.wav
5-198891-C-8.wav,5,8,sheep,198891,C,audio,audio_vibration/audio/5-198891-C-8.wav
4-197454-B-28.wav,4,28,snoring,197454,B,audio,audio_vibration/audio/4-197454-B-28.wav
5-186924-A-12.wav,5,12,crackling_fire,186924,A,audio,audio_vibration/audio/5-186924-A-12.wav
5-141683-A-35.wav,5,35,washing_machine,141683,A,audio,audio_vibration/audio/5-141683-A-35.wav
4-165845-B-45.wav,4,45,train,165845,B,audio,audio_vibration/audio/4-165845-B-45.wav
4-157297-A-21.wav,4,21,sneezing,157297,A,audio,audio_vibration/audio/4-157297-A-21.wav
1-137296-A-16.wav,1,16,wind,137296,A,audio,audio_vibration/audio/1-137296-A-16.wav
3-119120-C-48.wav,3,48,fireworks,119120,C,audio,audio_vibration/audio/3-119120-C-48.wav
5-156026-B-4.wav,5,4,frog,156026,B,audio,audio_vibration/audio/5-156026-B-4.wav
5-219379-C-11.wav,5,11,sea_waves,219379,C,audio,audio_vibration/audio/5-219379-C-11.wav
2-124662-A-11.wav,2,11,sea_waves,124662,A,audio,audio_vibration/audio/2-124662-A-11.wav
5-173568-A-33.wav,5,33,door_wood_creaks,173568,A,audio,audio_vibration/audio/5-173568-A-33.wav
1-95563-A-31.wav,1,31,mouse_click,95563,A,audio,audio_vibration/audio/1-95563-A-31.wav
4-173865-A-9.wav,4,9,crow,173865,A,audio,audio_vibration/audio/4-173865-A-9.wav
3-68630-B-40.wav,3,40,helicopter,68630,B,audio,audio_vibration/audio/3-68630-B-40.wav
5-209989-A-22.wav,5,22,clapping,209989,A,audio,audio_vibration/audio/5-209989-A-22.wav
5-208624-A-38.wav,5,38,clock_tick,208624,A,audio,audio_vibration/audio/5-208624-A-38.wav
1-76831-D-42.wav,1,42,siren,76831,D,audio,audio_vibration/audio/1-76831-D-42.wav
5-211197-A-24.wav,5,24,coughing,211197,A,audio,audio_vibration/audio/5-211197-A-24.wav
1-52266-A-24.wav,1,24,coughing,52266,A,audio,audio_vibration/audio/1-52266-A-24.wav
1-62509-A-45.wav,1,45,train,62509,A,audio,audio_vibration/audio/1-62509-A-45.wav
5-218196-A-27.wav,5,27,brushing_teeth,218196,A,audio,audio_vibration/audio/5-218196-A-27.wav
2-132157-A-11.wav,2,11,sea_waves,132157,A,audio,audio_vibration/audio/2-132157-A-11.wav
4-198841-A-37.wav,4,37,clock_alarm,198841,A,audio,audio_vibration/audio/4-198841-A-37.wav
4-195305-A-31.wav,4,31,mouse_click,195305,A,audio,audio_vibration/audio/4-195305-A-31.wav
1-16746-A-15.wav,1,15,water_drops,16746,A,audio,audio_vibration/audio/1-16746-A-15.wav
5-243025-A-25.wav,5,25,footsteps,243025,A,audio,audio_vibration/audio/5-243025-A-25.wav
4-125070-A-19.wav,4,19,thunderstorm,125070,A,audio,audio_vibration/audio/4-125070-A-19.wav
5-234247-A-37.wav,5,37,clock_alarm,234247,A,audio,audio_vibration/audio/5-234247-A-37.wav
4-182795-A-14.wav,4,14,chirping_birds,182795,A,audio,audio_vibration/audio/4-182795-A-14.wav
1-67432-A-27.wav,1,27,brushing_teeth,67432,A,audio,audio_vibration/audio/1-67432-A-27.wav
4-147240-A-2.wav,4,2,pig,147240,A,audio,audio_vibration/audio/4-147240-A-2.wav
4-177243-A-32.wav,4,32,keyboard_typing,177243,A,audio,audio_vibration/audio/4-177243-A-32.wav
1-29561-A-10.wav,1,10,rain,29561,A,audio,audio_vibration/audio/1-29561-A-10.wav
3-152007-D-20.wav,3,20,crying_baby,152007,D,audio,audio_vibration/audio/3-152007-D-20.wav
5-194930-A-1.wav,5,1,rooster,194930,A,audio,audio_vibration/audio/5-194930-A-1.wav
5-234923-A-32.wav,5,32,keyboard_typing,234923,A,audio,audio_vibration/audio/5-234923-A-32.wav
1-211527-A-20.wav,1,20,crying_baby,211527,A,audio,audio_vibration/audio/1-211527-A-20.wav
1-81001-A-30.wav,1,30,door_wood_knock,81001,A,audio,audio_vibration/audio/1-81001-A-30.wav
5-243036-A-29.wav,5,29,drinking_sipping,243036,A,audio,audio_vibration/audio/5-243036-A-29.wav
2-154688-A-31.wav,2,31,mouse_click,154688,A,audio,audio_vibration/audio/2-154688-A-31.wav
2-83536-A-27.wav,2,27,brushing_teeth,83536,A,audio,audio_vibration/audio/2-83536-A-27.wav
3-170574-A-30.wav,3,30,door_wood_knock,170574,A,audio,audio_vibration/audio/3-170574-A-30.wav
2-118072-A-0.wav,2,0,dog,118072,A,audio,audio_vibration/audio/2-118072-A-0.wav
4-123680-A-18.wav,4,18,toilet_flush,123680,A,audio,audio_vibration/audio/4-123680-A-18.wav
4-133674-A-26.wav,4,26,laughing,133674,A,audio,audio_vibration/audio/4-133674-A-26.wav
1-26188-A-30.wav,1,30,door_wood_knock,26188,A,audio,audio_vibration/audio/1-26188-A-30.wav
2-125875-A-13.wav,2,13,crickets,125875,A,audio,audio_vibration/audio/2-125875-A-13.wav
4-130584-A-4.wav,4,4,frog,130584,A,audio,audio_vibration/audio/4-130584-A-4.wav
3-105235-A-7.wav,3,7,insects,105235,A,audio,audio_vibration/audio/3-105235-A-7.wav
2-51173-A-35.wav,2,35,washing_machine,51173,A,audio,audio_vibration/audio/2-51173-A-35.wav
5-234335-A-23.wav,5,23,breathing,234335,A,audio,audio_vibration/audio/5-234335-A-23.wav
5-234263-A-25.wav,5,25,footsteps,234263,A,audio,audio_vibration/audio/5-234263-A-25.wav
3-157187-A-12.wav,3,12,crackling_fire,157187,A,audio,audio_vibration/audio/3-157187-A-12.wav
1-69165-A-34.wav,1,34,can_opening,69165,A,audio,audio_vibration/audio/1-69165-A-34.wav
2-112213-A-39.wav,2,39,glass_breaking,112213,A,audio,audio_vibration/audio/2-112213-A-39.wav
2-50667-A-41.wav,2,41,chainsaw,50667,A,audio,audio_vibration/audio/2-50667-A-41.wav
1-17124-A-43.wav,1,43,car_horn,17124,A,audio,audio_vibration/audio/1-17124-A-43.wav
1-14262-A-37.wav,1,37,clock_alarm,14262,A,audio,audio_vibration/audio/1-14262-A-37.wav
5-251489-A-24.wav,5,24,coughing,251489,A,audio,audio_vibration/audio/5-251489-A-24.wav
4-165823-B-41.wav,4,41,chainsaw,165823,B,audio,audio_vibration/audio/4-165823-B-41.wav
2-99796-A-32.wav,2,32,keyboard_typing,99796,A,audio,audio_vibration/audio/2-99796-A-32.wav
3-140199-D-8.wav,3,8,sheep,140199,D,audio,audio_vibration/audio/3-140199-D-8.wav
1-81269-A-3.wav,1,3,cow,81269,A,audio,audio_vibration/audio/1-81269-A-3.wav
1-18755-A-4.wav,1,4,frog,18755,A,audio,audio_vibration/audio/1-18755-A-4.wav
4-159426-A-9.wav,4,9,crow,159426,A,audio,audio_vibration/audio/4-159426-A-9.wav
5-160614-E-48.wav,5,48,fireworks,160614,E,audio,audio_vibration/audio/5-160614-E-48.wav
2-72677-A-18.wav,2,18,toilet_flush,72677,A,audio,audio_vibration/audio/2-72677-A-18.wav
3-142593-A-38.wav,3,38,clock_tick,142593,A,audio,audio_vibration/audio/3-142593-A-38.wav
2-122763-B-29.wav,2,29,drinking_sipping,122763,B,audio,audio_vibration/audio/2-122763-B-29.wav
4-168868-A-17.wav,4,17,pouring_water,168868,A,audio,audio_vibration/audio/4-168868-A-17.wav
5-238938-A-27.wav,5,27,brushing_teeth,238938,A,audio,audio_vibration/audio/5-238938-A-27.wav
3-112522-A-27.wav,3,27,brushing_teeth,112522,A,audio,audio_vibration/audio/3-112522-A-27.wav
2-80844-A-13.wav,2,13,crickets,80844,A,audio,audio_vibration/audio/2-80844-A-13.wav
4-192236-A-0.wav,4,0,dog,192236,A,audio,audio_vibration/audio/4-192236-A-0.wav
1-88409-A-45.wav,1,45,train,88409,A,audio,audio_vibration/audio/1-88409-A-45.wav
4-156844-A-21.wav,4,21,sneezing,156844,A,audio,audio_vibration/audio/4-156844-A-21.wav
4-107120-A-33.wav,4,33,door_wood_creaks,107120,A,audio,audio_vibration/audio/4-107120-A-33.wav
5-185516-A-27.wav,5,27,brushing_teeth,185516,A,audio,audio_vibration/audio/5-185516-A-27.wav
2-37806-A-40.wav,2,40,helicopter,37806,A,audio,audio_vibration/audio/2-37806-A-40.wav
5-177957-C-40.wav,5,40,helicopter,177957,C,audio,audio_vibration/audio/5-177957-C-40.wav
1-87565-A-29.wav,1,29,drinking_sipping,87565,A,audio,audio_vibration/audio/1-87565-A-29.wav
5-207781-A-17.wav,5,17,pouring_water,207781,A,audio,audio_vibration/audio/5-207781-A-17.wav
3-146697-A-43.wav,3,43,car_horn,146697,A,audio,audio_vibration/audio/3-146697-A-43.wav
2-117795-A-3.wav,2,3,cow,117795,A,audio,audio_vibration/audio/2-117795-A-3.wav
4-181955-B-3.wav,4,3,cow,181955,B,audio,audio_vibration/audio/4-181955-B-3.wav
5-205090-A-32.wav,5,32,keyboard_typing,205090,A,audio,audio_vibration/audio/5-205090-A-32.wav
5-213077-A-11.wav,5,11,sea_waves,213077,A,audio,audio_vibration/audio/5-213077-A-11.wav
3-71964-B-4.wav,3,4,frog,71964,B,audio,audio_vibration/audio/3-71964-B-4.wav
2-117625-A-10.wav,2,10,rain,117625,A,audio,audio_vibration/audio/2-117625-A-10.wav
3-164216-A-6.wav,3,6,hen,164216,A,audio,audio_vibration/audio/3-164216-A-6.wav
2-119161-A-8.wav,2,8,sheep,119161,A,audio,audio_vibration/audio/2-119161-A-8.wav
3-154781-A-32.wav,3,32,keyboard_typing,154781,A,audio,audio_vibration/audio/3-154781-A-32.wav
4-209698-A-37.wav,4,37,clock_alarm,209698,A,audio,audio_vibration/audio/4-209698-A-37.wav
4-193480-A-40.wav,4,40,helicopter,193480,A,audio,audio_vibration/audio/4-193480-A-40.wav
5-235874-A-28.wav,5,28,snoring,235874,A,audio,audio_vibration/audio/5-235874-A-28.wav
3-103401-A-33.wav,3,33,door_wood_creaks,103401,A,audio,audio_vibration/audio/3-103401-A-33.wav
3-216284-A-39.wav,3,39,glass_breaking,216284,A,audio,audio_vibration/audio/3-216284-A-39.wav
5-232802-A-31.wav,5,31,mouse_click,232802,A,audio,audio_vibration/audio/5-232802-A-31.wav
4-218199-H-35.wav,4,35,washing_machine,218199,H,audio,audio_vibration/audio/4-218199-H-35.wav
5-261439-A-15.wav,5,15,water_drops,261439,A,audio,audio_vibration/audio/5-261439-A-15.wav
5-213836-B-9.wav,5,9,crow,213836,B,audio,audio_vibration/audio/5-213836-B-9.wav
5-161270-A-33.wav,5,33,door_wood_creaks,161270,A,audio,audio_vibration/audio/5-161270-A-33.wav
1-30226-A-0.wav,1,0,dog,30226,A,audio,audio_vibration/audio/1-30226-A-0.wav
3-103599-B-25.wav,3,25,footsteps,103599,B,audio,audio_vibration/audio/3-103599-B-25.wav
3-147342-A-34.wav,3,34,can_opening,147342,A,audio,audio_vibration/audio/3-147342-A-34.wav
3-146972-A-5.wav,3,5,cat,146972,A,audio,audio_vibration/audio/3-146972-A-5.wav
3-182710-B-35.wav,3,35,washing_machine,182710,B,audio,audio_vibration/audio/3-182710-B-35.wav
1-12654-B-15.wav,1,15,water_drops,12654,B,audio,audio_vibration/audio/1-12654-B-15.wav
1-29532-A-16.wav,1,16,wind,29532,A,audio,audio_vibration/audio/1-29532-A-16.wav
1-13613-A-37.wav,1,37,clock_alarm,13613,A,audio,audio_vibration/audio/1-13613-A-37.wav
3-180147-A-30.wav,3,30,door_wood_knock,180147,A,audio,audio_vibration/audio/3-180147-A-30.wav
3-104632-A-12.wav,3,12,crackling_fire,104632,A,audio,audio_vibration/audio/3-104632-A-12.wav
2-165801-A-48.wav,2,48,fireworks,165801,A,audio,audio_vibration/audio/2-165801-A-48.wav
4-161099-A-47.wav,4,47,airplane,161099,A,audio,audio_vibration/audio/4-161099-A-47.wav
3-70962-B-4.wav,3,4,frog,70962,B,audio,audio_vibration/audio/3-70962-B-4.wav
2-83270-A-13.wav,2,13,crickets,83270,A,audio,audio_vibration/audio/2-83270-A-13.wav
4-161103-A-47.wav,4,47,airplane,161103,A,audio,audio_vibration/audio/4-161103-A-47.wav
2-182508-A-8.wav,2,8,sheep,182508,A,audio,audio_vibration/audio/2-182508-A-8.wav
4-191327-A-38.wav,4,38,clock_tick,191327,A,audio,audio_vibration/audio/4-191327-A-38.wav
5-243459-A-14.wav,5,14,chirping_birds,243459,A,audio,audio_vibration/audio/5-243459-A-14.wav
4-152995-A-24.wav,4,24,coughing,152995,A,audio,audio_vibration/audio/4-152995-A-24.wav
1-100210-A-36.wav,1,36,vacuum_cleaner,100210,A,audio,audio_vibration/audio/1-100210-A-36.wav
1-17150-A-12.wav,1,12,crackling_fire,17150,A,audio,audio_vibration/audio/1-17150-A-12.wav
3-159445-B-45.wav,3,45,train,159445,B,audio,audio_vibration/audio/3-159445-B-45.wav
1-19872-B-36.wav,1,36,vacuum_cleaner,19872,B,audio,audio_vibration/audio/1-19872-B-36.wav
1-101296-A-19.wav,1,19,thunderstorm,101296,A,audio,audio_vibration/audio/1-101296-A-19.wav
2-87799-A-24.wav,2,24,coughing,87799,A,audio,audio_vibration/audio/2-87799-A-24.wav
1-51805-D-33.wav,1,33,door_wood_creaks,51805,D,audio,audio_vibration/audio/1-51805-D-33.wav
4-198360-B-49.wav,4,49,hand_saw,198360,B,audio,audio_vibration/audio/4-198360-B-49.wav
3-152039-A-3.wav,3,3,cow,152039,A,audio,audio_vibration/audio/3-152039-A-3.wav
3-146186-A-44.wav,3,44,engine,146186,A,audio,audio_vibration/audio/3-146186-A-44.wav
5-179496-A-16.wav,5,16,wind,179496,A,audio,audio_vibration/audio/5-179496-A-16.wav
4-253649-A-6.wav,4,6,hen,253649,A,audio,audio_vibration/audio/4-253649-A-6.wav
3-144827-B-11.wav,3,11,sea_waves,144827,B,audio,audio_vibration/audio/3-144827-B-11.wav
5-103420-A-2.wav,5,2,pig,103420,A,audio,audio_vibration/audio/5-103420-A-2.wav
3-115382-A-44.wav,3,44,engine,115382,A,audio,audio_vibration/audio/3-115382-A-44.wav
1-18810-A-49.wav,1,49,hand_saw,18810,A,audio,audio_vibration/audio/1-18810-A-49.wav
1-84536-A-39.wav,1,39,glass_breaking,84536,A,audio,audio_vibration/audio/1-84536-A-39.wav
3-142601-A-21.wav,3,21,sneezing,142601,A,audio,audio_vibration/audio/3-142601-A-21.wav
1-77241-A-3.wav,1,3,cow,77241,A,audio,audio_vibration/audio/1-77241-A-3.wav
2-114609-B-28.wav,2,28,snoring,114609,B,audio,audio_vibration/audio/2-114609-B-28.wav
2-117616-A-48.wav,2,48,fireworks,117616,A,audio,audio_vibration/audio/2-117616-A-48.wav
2-117617-A-48.wav,2,48,fireworks,117617,A,audio,audio_vibration/audio/2-117617-A-48.wav
4-188878-A-30.wav,4,30,door_wood_knock,188878,A,audio,audio_vibration/audio/4-188878-A-30.wav
5-211408-A-37.wav,5,37,clock_alarm,211408,A,audio,audio_vibration/audio/5-211408-A-37.wav
2-166644-B-2.wav,2,2,pig,166644,B,audio,audio_vibration/audio/2-166644-B-2.wav
2-173618-A-39.wav,2,39,glass_breaking,173618,A,audio,audio_vibration/audio/2-173618-A-39.wav
3-126113-A-26.wav,3,26,laughing,126113,A,audio,audio_vibration/audio/3-126113-A-26.wav
1-58923-B-27.wav,1,27,brushing_teeth,58923,B,audio,audio_vibration/audio/1-58923-B-27.wav
5-263775-A-26.wav,5,26,laughing,263775,A,audio,audio_vibration/audio/5-263775-A-26.wav
3-164688-A-38.wav,3,38,clock_tick,164688,A,audio,audio_vibration/audio/3-164688-A-38.wav
3-126391-A-27.wav,3,27,brushing_teeth,126391,A,audio,audio_vibration/audio/3-126391-A-27.wav
5-189237-A-12.wav,5,12,crackling_fire,189237,A,audio,audio_vibration/audio/5-189237-A-12.wav
2-114587-A-0.wav,2,0,dog,114587,A,audio,audio_vibration/audio/2-114587-A-0.wav
4-167077-C-20.wav,4,20,crying_baby,167077,C,audio,audio_vibration/audio/4-167077-C-20.wav
1-51805-H-33.wav,1,33,door_wood_creaks,51805,H,audio,audio_vibration/audio/1-51805-H-33.wav
4-120160-A-5.wav,4,5,cat,120160,A,audio,audio_vibration/audio/4-120160-A-5.wav
4-212698-A-39.wav,4,39,glass_breaking,212698,A,audio,audio_vibration/audio/4-212698-A-39.wav
1-34495-A-14.wav,1,14,chirping_birds,34495,A,audio,audio_vibration/audio/1-34495-A-14.wav
3-163459-A-0.wav,3,0,dog,163459,A,audio,audio_vibration/audio/3-163459-A-0.wav
5-179865-A-43.wav,5,43,car_horn,179865,A,audio,audio_vibration/audio/5-179865-A-43.wav
3-164216-C-6.wav,3,6,hen,164216,C,audio,audio_vibration/audio/3-164216-C-6.wav
5-260875-A-35.wav,5,35,washing_machine,260875,A,audio,audio_vibration/audio/5-260875-A-35.wav
5-184323-A-42.wav,5,42,siren,184323,A,audio,audio_vibration/audio/5-184323-A-42.wav
1-181071-A-40.wav,1,40,helicopter,181071,A,audio,audio_vibration/audio/1-181071-A-40.wav
1-96890-A-37.wav,1,37,clock_alarm,96890,A,audio,audio_vibration/audio/1-96890-A-37.wav
4-99193-A-4.wav,4,4,frog,99193,A,audio,audio_vibration/audio/4-99193-A-4.wav
1-54752-A-18.wav,1,18,toilet_flush,54752,A,audio,audio_vibration/audio/1-54752-A-18.wav
3-139331-A-27.wav,3,27,brushing_teeth,139331,A,audio,audio_vibration/audio/3-139331-A-27.wav
1-160563-A-48.wav,1,48,fireworks,160563,A,audio,audio_vibration/audio/1-160563-A-48.wav
3-188390-A-6.wav,3,6,hen,188390,A,audio,audio_vibration/audio/3-188390-A-6.wav
5-244933-A-34.wav,5,34,can_opening,244933,A,audio,audio_vibration/audio/5-244933-A-34.wav
2-106015-A-44.wav,2,44,engine,106015,A,audio,audio_vibration/audio/2-106015-A-44.wav
1-63679-A-24.wav,1,24,coughing,63679,A,audio,audio_vibration/audio/1-63679-A-24.wav
3-197435-A-22.wav,3,22,clapping,197435,A,audio,audio_vibration/audio/3-197435-A-22.wav
3-51731-B-42.wav,3,42,siren,51731,B,audio,audio_vibration/audio/3-51731-B-42.wav
1-43807-D-47.wav,1,47,airplane,43807,D,audio,audio_vibration/audio/1-43807-D-47.wav
1-56380-B-5.wav,1,5,cat,56380,B,audio,audio_vibration/audio/1-56380-B-5.wav
4-159609-B-14.wav,4,14,chirping_birds,159609,B,audio,audio_vibration/audio/4-159609-B-14.wav
3-112397-A-9.wav,3,9,crow,112397,A,audio,audio_vibration/audio/3-112397-A-9.wav
2-50774-A-23.wav,2,23,breathing,50774,A,audio,audio_vibration/audio/2-50774-A-23.wav
2-108017-A-24.wav,2,24,coughing,108017,A,audio,audio_vibration/audio/2-108017-A-24.wav
5-103421-A-2.wav,5,2,pig,103421,A,audio,audio_vibration/audio/5-103421-A-2.wav
1-35687-A-38.wav,1,38,clock_tick,35687,A,audio,audio_vibration/audio/1-35687-A-38.wav
2-64332-A-18.wav,2,18,toilet_flush,64332,A,audio,audio_vibration/audio/2-64332-A-18.wav
4-182368-A-12.wav,4,12,crackling_fire,182368,A,audio,audio_vibration/audio/4-182368-A-12.wav
5-156026-C-4.wav,5,4,frog,156026,C,audio,audio_vibration/audio/5-156026-C-4.wav
2-57733-A-22.wav,2,22,clapping,57733,A,audio,audio_vibration/audio/2-57733-A-22.wav
4-188191-C-29.wav,4,29,drinking_sipping,188191,C,audio,audio_vibration/audio/4-188191-C-29.wav
3-51909-A-42.wav,3,42,siren,51909,A,audio,audio_vibration/audio/3-51909-A-42.wav
2-82538-A-21.wav,2,21,sneezing,82538,A,audio,audio_vibration/audio/2-82538-A-21.wav
2-130978-A-21.wav,2,21,sneezing,130978,A,audio,audio_vibration/audio/2-130978-A-21.wav
3-98771-A-18.wav,3,18,toilet_flush,98771,A,audio,audio_vibration/audio/3-98771-A-18.wav
2-130979-A-21.wav,2,21,sneezing,130979,A,audio,audio_vibration/audio/2-130979-A-21.wav
1-27165-A-35.wav,1,35,washing_machine,27165,A,audio,audio_vibration/audio/1-27165-A-35.wav
2-184077-A-49.wav,2,49,hand_saw,184077,A,audio,audio_vibration/audio/2-184077-A-49.wav
4-147658-A-46.wav,4,46,church_bells,147658,A,audio,audio_vibration/audio/4-147658-A-46.wav
1-76831-B-42.wav,1,42,siren,76831,B,audio,audio_vibration/audio/1-76831-B-42.wav
5-210571-A-38.wav,5,38,clock_tick,210571,A,audio,audio_vibration/audio/5-210571-A-38.wav
3-135469-A-35.wav,3,35,washing_machine,135469,A,audio,audio_vibration/audio/3-135469-A-35.wav
4-157611-A-41.wav,4,41,chainsaw,157611,A,audio,audio_vibration/audio/4-157611-A-41.wav
2-104952-A-16.wav,2,16,wind,104952,A,audio,audio_vibration/audio/2-104952-A-16.wav
2-209476-A-25.wav,2,25,footsteps,209476,A,audio,audio_vibration/audio/2-209476-A-25.wav
1-26176-A-43.wav,1,43,car_horn,26176,A,audio,audio_vibration/audio/1-26176-A-43.wav
3-118658-B-41.wav,3,41,chainsaw,118658,B,audio,audio_vibration/audio/3-118658-B-41.wav
2-106072-A-36.wav,2,36,vacuum_cleaner,106072,A,audio,audio_vibration/audio/2-106072-A-36.wav
4-168155-A-15.wav,4,15,water_drops,168155,A,audio,audio_vibration/audio/4-168155-A-15.wav
5-185908-A-18.wav,5,18,toilet_flush,185908,A,audio,audio_vibration/audio/5-185908-A-18.wav
2-106073-A-36.wav,2,36,vacuum_cleaner,106073,A,audio,audio_vibration/audio/2-106073-A-36.wav
2-82367-A-10.wav,2,10,rain,82367,A,audio,audio_vibration/audio/2-82367-A-10.wav
4-145081-A-9.wav,4,9,crow,145081,A,audio,audio_vibration/audio/4-145081-A-9.wav
5-198891-B-8.wav,5,8,sheep,198891,B,audio,audio_vibration/audio/5-198891-B-8.wav
3-152007-B-20.wav,3,20,crying_baby,152007,B,audio,audio_vibration/audio/3-152007-B-20.wav
3-117504-A-16.wav,3,16,wind,117504,A,audio,audio_vibration/audio/3-117504-A-16.wav
5-221518-A-21.wav,5,21,sneezing,221518,A,audio,audio_vibration/audio/5-221518-A-21.wav
4-155650-A-24.wav,4,24,coughing,155650,A,audio,audio_vibration/audio/4-155650-A-24.wav
1-19501-A-7.wav,1,7,insects,19501,A,audio,audio_vibration/audio/1-19501-A-7.wav
4-175856-A-43.wav,4,43,car_horn,175856,A,audio,audio_vibration/audio/4-175856-A-43.wav
4-186693-A-17.wav,4,17,pouring_water,186693,A,audio,audio_vibration/audio/4-186693-A-17.wav
1-19118-A-24.wav,1,24,coughing,19118,A,audio,audio_vibration/audio/1-19118-A-24.wav
1-84704-A-39.wav,1,39,glass_breaking,84704,A,audio,audio_vibration/audio/1-84704-A-39.wav
3-151255-A-28.wav,3,28,snoring,151255,A,audio,audio_vibration/audio/3-151255-A-28.wav
1-46274-A-18.wav,1,18,toilet_flush,46274,A,audio,audio_vibration/audio/1-46274-A-18.wav
5-117120-A-42.wav,5,42,siren,117120,A,audio,audio_vibration/audio/5-117120-A-42.wav
4-204123-A-39.wav,4,39,glass_breaking,204123,A,audio,audio_vibration/audio/4-204123-A-39.wav
3-144891-A-19.wav,3,19,thunderstorm,144891,A,audio,audio_vibration/audio/3-144891-A-19.wav
3-92637-A-18.wav,3,18,toilet_flush,92637,A,audio,audio_vibration/audio/3-92637-A-18.wav
4-181708-A-32.wav,4,32,keyboard_typing,181708,A,audio,audio_vibration/audio/4-181708-A-32.wav
1-47923-A-28.wav,1,28,snoring,47923,A,audio,audio_vibration/audio/1-47923-A-28.wav
4-164243-A-26.wav,4,26,laughing,164243,A,audio,audio_vibration/audio/4-164243-A-26.wav
3-155579-A-14.wav,3,14,chirping_birds,155579,A,audio,audio_vibration/audio/3-155579-A-14.wav
1-81883-A-21.wav,1,21,sneezing,81883,A,audio,audio_vibration/audio/1-81883-A-21.wav
4-172500-A-27.wav,4,27,brushing_teeth,172500,A,audio,audio_vibration/audio/4-172500-A-27.wav
2-127109-A-6.wav,2,6,hen,127109,A,audio,audio_vibration/audio/2-127109-A-6.wav
5-193339-A-10.wav,5,10,rain,193339,A,audio,audio_vibration/audio/5-193339-A-10.wav
1-48298-A-46.wav,1,46,church_bells,48298,A,audio,audio_vibration/audio/1-48298-A-46.wav
3-155642-A-11.wav,3,11,sea_waves,155642,A,audio,audio_vibration/audio/3-155642-A-11.wav
3-157492-A-45.wav,3,45,train,157492,A,audio,audio_vibration/audio/3-157492-A-45.wav
1-85909-A-29.wav,1,29,drinking_sipping,85909,A,audio,audio_vibration/audio/1-85909-A-29.wav
4-174860-A-3.wav,4,3,cow,174860,A,audio,audio_vibration/audio/4-174860-A-3.wav
3-119120-E-48.wav,3,48,fireworks,119120,E,audio,audio_vibration/audio/3-119120-E-48.wav
4-164859-A-1.wav,4,1,rooster,164859,A,audio,audio_vibration/audio/4-164859-A-1.wav
1-155858-B-25.wav,1,25,footsteps,155858,B,audio,audio_vibration/audio/1-155858-B-25.wav
4-191015-A-43.wav,4,43,car_horn,191015,A,audio,audio_vibration/audio/4-191015-A-43.wav
3-163727-A-3.wav,3,3,cow,163727,A,audio,audio_vibration/audio/3-163727-A-3.wav
4-172733-A-36.wav,4,36,vacuum_cleaner,172733,A,audio,audio_vibration/audio/4-172733-A-36.wav
1-39835-B-9.wav,1,9,crow,39835,B,audio,audio_vibration/audio/1-39835-B-9.wav
1-56270-A-29.wav,1,29,drinking_sipping,56270,A,audio,audio_vibration/audio/1-56270-A-29.wav
5-205589-A-17.wav,5,17,pouring_water,205589,A,audio,audio_vibration/audio/5-205589-A-17.wav
4-188287-A-9.wav,4,9,crow,188287,A,audio,audio_vibration/audio/4-188287-A-9.wav
3-150979-A-40.wav,3,40,helicopter,150979,A,audio,audio_vibration/audio/3-150979-A-40.wav
5-177957-A-40.wav,5,40,helicopter,177957,A,audio,audio_vibration/audio/5-177957-A-40.wav
3-143119-A-21.wav,3,21,sneezing,143119,A,audio,audio_vibration/audio/3-143119-A-21.wav
4-165606-A-45.wav,4,45,train,165606,A,audio,audio_vibration/audio/4-165606-A-45.wav
2-37806-C-40.wav,2,40,helicopter,37806,C,audio,audio_vibration/audio/2-37806-C-40.wav
2-126433-A-17.wav,2,17,pouring_water,126433,A,audio,audio_vibration/audio/2-126433-A-17.wav
5-253534-A-26.wav,5,26,laughing,253534,A,audio,audio_vibration/audio/5-253534-A-26.wav
5-257839-A-14.wav,5,14,chirping_birds,257839,A,audio,audio_vibration/audio/5-257839-A-14.wav
1-16568-A-3.wav,1,3,cow,16568,A,audio,audio_vibration/audio/1-16568-A-3.wav
3-158056-A-31.wav,3,31,mouse_click,158056,A,audio,audio_vibration/audio/3-158056-A-31.wav
5-181977-A-35.wav,5,35,washing_machine,181977,A,audio,audio_vibration/audio/5-181977-A-35.wav
2-100648-A-43.wav,2,43,car_horn,100648,A,audio,audio_vibration/audio/2-100648-A-43.wav
5-188945-A-45.wav,5,45,train,188945,A,audio,audio_vibration/audio/5-188945-A-45.wav
2-125821-A-13.wav,2,13,crickets,125821,A,audio,audio_vibration/audio/2-125821-A-13.wav
3-140774-A-10.wav,3,10,rain,140774,A,audio,audio_vibration/audio/3-140774-A-10.wav
1-9887-A-49.wav,1,49,hand_saw,9887,A,audio,audio_vibration/audio/1-9887-A-49.wav
1-9886-A-49.wav,1,49,hand_saw,9886,A,audio,audio_vibration/audio/1-9886-A-49.wav
5-194930-B-1.wav,5,1,rooster,194930,B,audio,audio_vibration/audio/5-194930-B-1.wav
5-244315-A-6.wav,5,6,hen,244315,A,audio,audio_vibration/audio/5-244315-A-6.wav
5-197121-B-45.wav,5,45,train,197121,B,audio,audio_vibration/audio/5-197121-B-45.wav
3-118059-A-18.wav,3,18,toilet_flush,118059,A,audio,audio_vibration/audio/3-118059-A-18.wav
1-36929-A-47.wav,1,47,airplane,36929,A,audio,audio_vibration/audio/1-36929-A-47.wav
4-182839-A-17.wav,4,17,pouring_water,182839,A,audio,audio_vibration/audio/4-182839-A-17.wav
5-194899-C-3.wav,5,3,cow,194899,C,audio,audio_vibration/audio/5-194899-C-3.wav
5-199284-A-45.wav,5,45,train,199284,A,audio,audio_vibration/audio/5-199284-A-45.wav
3-131943-A-37.wav,3,37,clock_alarm,131943,A,audio,audio_vibration/audio/3-131943-A-37.wav
2-59241-A-35.wav,2,35,washing_machine,59241,A,audio,audio_vibration/audio/2-59241-A-35.wav
1-91359-A-11.wav,1,11,sea_waves,91359,A,audio,audio_vibration/audio/1-91359-A-11.wav
5-253101-C-49.wav,5,49,hand_saw,253101,C,audio,audio_vibration/audio/5-253101-C-49.wav
1-105224-A-22.wav,1,22,clapping,105224,A,audio,audio_vibration/audio/1-105224-A-22.wav
2-122820-A-36.wav,2,36,vacuum_cleaner,122820,A,audio,audio_vibration/audio/2-122820-A-36.wav
3-128512-A-47.wav,3,47,airplane,128512,A,audio,audio_vibration/audio/3-128512-A-47.wav
1-72695-A-26.wav,1,26,laughing,72695,A,audio,audio_vibration/audio/1-72695-A-26.wav
3-149042-A-24.wav,3,24,coughing,149042,A,audio,audio_vibration/audio/3-149042-A-24.wav
4-189832-A-22.wav,4,22,clapping,189832,A,audio,audio_vibration/audio/4-189832-A-22.wav
1-31251-B-6.wav,1,6,hen,31251,B,audio,audio_vibration/audio/1-31251-B-6.wav
1-54065-B-45.wav,1,45,train,54065,B,audio,audio_vibration/audio/1-54065-B-45.wav
2-126756-A-29.wav,2,29,drinking_sipping,126756,A,audio,audio_vibration/audio/2-126756-A-29.wav
2-81270-A-1.wav,2,1,rooster,81270,A,audio,audio_vibration/audio/2-81270-A-1.wav
2-141584-A-38.wav,2,38,clock_tick,141584,A,audio,audio_vibration/audio/2-141584-A-38.wav
2-109374-A-16.wav,2,16,wind,109374,A,audio,audio_vibration/audio/2-109374-A-16.wav
4-194754-A-0.wav,4,0,dog,194754,A,audio,audio_vibration/audio/4-194754-A-0.wav
2-87781-A-10.wav,2,10,rain,87781,A,audio,audio_vibration/audio/2-87781-A-10.wav
4-181035-A-38.wav,4,38,clock_tick,181035,A,audio,audio_vibration/audio/4-181035-A-38.wav
3-170851-A-31.wav,3,31,mouse_click,170851,A,audio,audio_vibration/audio/3-170851-A-31.wav
2-81970-C-7.wav,2,7,insects,81970,C,audio,audio_vibration/audio/2-81970-C-7.wav
1-68628-A-27.wav,1,27,brushing_teeth,68628,A,audio,audio_vibration/audio/1-68628-A-27.wav
1-21189-A-10.wav,1,10,rain,21189,A,audio,audio_vibration/audio/1-21189-A-10.wav
2-78562-A-37.wav,2,37,clock_alarm,78562,A,audio,audio_vibration/audio/2-78562-A-37.wav
1-32318-A-0.wav,1,0,dog,32318,A,audio,audio_vibration/audio/1-32318-A-0.wav
5-250026-B-30.wav,5,30,door_wood_knock,250026,B,audio,audio_vibration/audio/5-250026-B-30.wav
2-60795-A-26.wav,2,26,laughing,60795,A,audio,audio_vibration/audio/2-60795-A-26.wav
2-60794-A-26.wav,2,26,laughing,60794,A,audio,audio_vibration/audio/2-60794-A-26.wav
3-103401-C-33.wav,3,33,door_wood_creaks,103401,C,audio,audio_vibration/audio/3-103401-C-33.wav
3-180977-A-0.wav,3,0,dog,180977,A,audio,audio_vibration/audio/3-180977-A-0.wav
4-178402-A-43.wav,4,43,car_horn,178402,A,audio,audio_vibration/audio/4-178402-A-43.wav
